[
{
  "model": "admin.logentry",
  "pk": 1,
  "fields": {
    "action_time": "2022-12-23T08:54:15.038Z",
    "user": 1,
    "content_type": 12,
    "object_id": "1",
    "object_repr": "Культура",
    "action_flag": 1,
    "change_message": "[{\"added\": {}}]"
  }
},
{
  "model": "admin.logentry",
  "pk": 2,
  "fields": {
    "action_time": "2022-12-23T08:54:20.266Z",
    "user": 1,
    "content_type": 12,
    "object_id": "2",
    "object_repr": "Город",
    "action_flag": 1,
    "change_message": "[{\"added\": {}}]"
  }
},
{
  "model": "admin.logentry",
  "pk": 3,
  "fields": {
    "action_time": "2022-12-23T08:54:24.532Z",
    "user": 1,
    "content_type": 12,
    "object_id": "3",
    "object_repr": "Космос",
    "action_flag": 1,
    "change_message": "[{\"added\": {}}]"
  }
},
{
  "model": "admin.logentry",
  "pk": 4,
  "fields": {
    "action_time": "2022-12-23T08:54:29.126Z",
    "user": 1,
    "content_type": 12,
    "object_id": "4",
    "object_repr": "Спорт",
    "action_flag": 1,
    "change_message": "[{\"added\": {}}]"
  }
},
{
  "model": "admin.logentry",
  "pk": 5,
  "fields": {
    "action_time": "2022-12-23T08:54:37.357Z",
    "user": 1,
    "content_type": 12,
    "object_id": "5",
    "object_repr": "Политика",
    "action_flag": 1,
    "change_message": "[{\"added\": {}}]"
  }
},
{
  "model": "admin.logentry",
  "pk": 6,
  "fields": {
    "action_time": "2022-12-23T08:54:45.308Z",
    "user": 1,
    "content_type": 12,
    "object_id": "6",
    "object_repr": "Природа",
    "action_flag": 1,
    "change_message": "[{\"added\": {}}]"
  }
},
{
  "model": "admin.logentry",
  "pk": 7,
  "fields": {
    "action_time": "2022-12-23T08:56:22.737Z",
    "user": 1,
    "content_type": 11,
    "object_id": "1",
    "object_repr": "Сиднейский оперный театр откры - test@test.com",
    "action_flag": 1,
    "change_message": "[{\"added\": {}}]"
  }
},
{
  "model": "admin.logentry",
  "pk": 8,
  "fields": {
    "action_time": "2022-12-23T09:05:58.963Z",
    "user": 1,
    "content_type": 11,
    "object_id": "2",
    "object_repr": "Tesla выпустила не получившийс - test@test.com",
    "action_flag": 1,
    "change_message": "[{\"added\": {}}]"
  }
},
{
  "model": "admin.logentry",
  "pk": 9,
  "fields": {
    "action_time": "2022-12-23T09:06:25.251Z",
    "user": 1,
    "content_type": 11,
    "object_id": "2",
    "object_repr": "Tesla выпустила не получившийс - test@test.com",
    "action_flag": 2,
    "change_message": "[{\"changed\": {\"fields\": [\"Image\"]}}]"
  }
},
{
  "model": "admin.logentry",
  "pk": 10,
  "fields": {
    "action_time": "2022-12-23T09:08:42.864Z",
    "user": 1,
    "content_type": 11,
    "object_id": "3",
    "object_repr": "\"Ванкувер\" переиграл \"Сиэтл\" в - test@test.com",
    "action_flag": 1,
    "change_message": "[{\"added\": {}}]"
  }
},
{
  "model": "admin.logentry",
  "pk": 11,
  "fields": {
    "action_time": "2022-12-23T09:09:43.666Z",
    "user": 1,
    "content_type": 12,
    "object_id": "7",
    "object_repr": "Технологии",
    "action_flag": 1,
    "change_message": "[{\"added\": {}}]"
  }
},
{
  "model": "admin.logentry",
  "pk": 12,
  "fields": {
    "action_time": "2022-12-23T09:09:59.483Z",
    "user": 1,
    "content_type": 11,
    "object_id": "2",
    "object_repr": "Tesla выпустила не получившийс - test@test.com",
    "action_flag": 2,
    "change_message": "[{\"changed\": {\"fields\": [\"Category\"]}}]"
  }
},
{
  "model": "admin.logentry",
  "pk": 13,
  "fields": {
    "action_time": "2022-12-23T09:12:56.766Z",
    "user": 1,
    "content_type": 11,
    "object_id": "4",
    "object_repr": "Американский Сенат одобрил про - test@test.com",
    "action_flag": 1,
    "change_message": "[{\"added\": {}}]"
  }
},
{
  "model": "admin.logentry",
  "pk": 14,
  "fields": {
    "action_time": "2022-12-23T09:14:37.552Z",
    "user": 1,
    "content_type": 11,
    "object_id": "3",
    "object_repr": "\"Ванкувер\" переиграл \"Сиэтл\" в - test@test.com",
    "action_flag": 2,
    "change_message": "[{\"changed\": {\"fields\": [\"Content\"]}}]"
  }
},
{
  "model": "admin.logentry",
  "pk": 15,
  "fields": {
    "action_time": "2022-12-23T09:15:58.382Z",
    "user": 1,
    "content_type": 11,
    "object_id": "3",
    "object_repr": "\"Ванкувер\" переиграл \"Сиэтл\" в - test@test.com",
    "action_flag": 2,
    "change_message": "[{\"changed\": {\"fields\": [\"Content\"]}}]"
  }
},
{
  "model": "admin.logentry",
  "pk": 16,
  "fields": {
    "action_time": "2022-12-23T09:17:22.819Z",
    "user": 1,
    "content_type": 11,
    "object_id": "3",
    "object_repr": "\"Ванкувер\" переиграл \"Сиэтл\" в - test@test.com",
    "action_flag": 2,
    "change_message": "[{\"changed\": {\"fields\": [\"Content\"]}}]"
  }
},
{
  "model": "admin.logentry",
  "pk": 17,
  "fields": {
    "action_time": "2022-12-23T09:18:24.531Z",
    "user": 1,
    "content_type": 11,
    "object_id": "4",
    "object_repr": "Американский Сенат одобрил про - test@test.com",
    "action_flag": 2,
    "change_message": "[{\"changed\": {\"fields\": [\"Content\"]}}]"
  }
},
{
  "model": "admin.logentry",
  "pk": 18,
  "fields": {
    "action_time": "2022-12-23T09:19:58.420Z",
    "user": 1,
    "content_type": 11,
    "object_id": "4",
    "object_repr": "Американский Сенат одобрил про - test@test.com",
    "action_flag": 2,
    "change_message": "[{\"changed\": {\"fields\": [\"Content\"]}}]"
  }
},
{
  "model": "admin.logentry",
  "pk": 19,
  "fields": {
    "action_time": "2022-12-23T09:20:19.816Z",
    "user": 1,
    "content_type": 11,
    "object_id": "4",
    "object_repr": "Американский Сенат одобрил про - test@test.com",
    "action_flag": 2,
    "change_message": "[{\"changed\": {\"fields\": [\"Content\"]}}]"
  }
},
{
  "model": "admin.logentry",
  "pk": 20,
  "fields": {
    "action_time": "2022-12-23T09:21:07.961Z",
    "user": 1,
    "content_type": 11,
    "object_id": "4",
    "object_repr": "Американский Сенат одобрил про - test@test.com",
    "action_flag": 2,
    "change_message": "[{\"changed\": {\"fields\": [\"Content\"]}}]"
  }
},
{
  "model": "admin.logentry",
  "pk": 21,
  "fields": {
    "action_time": "2022-12-23T09:22:07.761Z",
    "user": 1,
    "content_type": 11,
    "object_id": "4",
    "object_repr": "Американский Сенат одобрил про - test@test.com",
    "action_flag": 2,
    "change_message": "[{\"changed\": {\"fields\": [\"Content\"]}}]"
  }
},
{
  "model": "admin.logentry",
  "pk": 22,
  "fields": {
    "action_time": "2022-12-23T09:22:46.393Z",
    "user": 1,
    "content_type": 11,
    "object_id": "4",
    "object_repr": "Американский Сенат одобрил про - test@test.com",
    "action_flag": 2,
    "change_message": "[{\"changed\": {\"fields\": [\"Content\"]}}]"
  }
},
{
  "model": "admin.logentry",
  "pk": 23,
  "fields": {
    "action_time": "2022-12-23T09:23:06.150Z",
    "user": 1,
    "content_type": 11,
    "object_id": "4",
    "object_repr": "Американский Сенат одобрил про - test@test.com",
    "action_flag": 2,
    "change_message": "[{\"changed\": {\"fields\": [\"Content\"]}}]"
  }
},
{
  "model": "admin.logentry",
  "pk": 24,
  "fields": {
    "action_time": "2022-12-23T09:26:37.833Z",
    "user": 1,
    "content_type": 11,
    "object_id": "4",
    "object_repr": "Австралия выбрала свою первую  - test@test.com",
    "action_flag": 2,
    "change_message": "[{\"changed\": {\"fields\": [\"Category\", \"Title\", \"Image\", \"Content\"]}}]"
  }
},
{
  "model": "admin.logentry",
  "pk": 25,
  "fields": {
    "action_time": "2022-12-23T09:27:28.173Z",
    "user": 1,
    "content_type": 11,
    "object_id": "4",
    "object_repr": "Австралия выбрала свою первую  - test@test.com",
    "action_flag": 2,
    "change_message": "[{\"changed\": {\"fields\": [\"Image\"]}}]"
  }
},
{
  "model": "admin.logentry",
  "pk": 26,
  "fields": {
    "action_time": "2022-12-23T09:28:56.671Z",
    "user": 1,
    "content_type": 11,
    "object_id": "4",
    "object_repr": "Австралия выбрала свою первую  - test@test.com",
    "action_flag": 2,
    "change_message": "[{\"changed\": {\"fields\": [\"Content\"]}}]"
  }
},
{
  "model": "admin.logentry",
  "pk": 27,
  "fields": {
    "action_time": "2022-12-23T09:30:45.330Z",
    "user": 1,
    "content_type": 11,
    "object_id": "4",
    "object_repr": "Австралия выбрала свою первую  - test@test.com",
    "action_flag": 2,
    "change_message": "[{\"changed\": {\"fields\": [\"Content\"]}}]"
  }
},
{
  "model": "admin.logentry",
  "pk": 28,
  "fields": {
    "action_time": "2022-12-23T09:32:35.013Z",
    "user": 1,
    "content_type": 11,
    "object_id": "5",
    "object_repr": "В Австралии объявили о \"серьез - test@test.com",
    "action_flag": 1,
    "change_message": "[{\"added\": {}}]"
  }
},
{
  "model": "admin.logentry",
  "pk": 29,
  "fields": {
    "action_time": "2022-12-23T09:32:43.521Z",
    "user": 1,
    "content_type": 11,
    "object_id": "3",
    "object_repr": "\"Ванкувер\" переиграл \"Сиэтл\" в - test@test.com",
    "action_flag": 2,
    "change_message": "[{\"changed\": {\"fields\": [\"Status\"]}}]"
  }
},
{
  "model": "admin.logentry",
  "pk": 30,
  "fields": {
    "action_time": "2022-12-23T09:32:51.691Z",
    "user": 1,
    "content_type": 11,
    "object_id": "1",
    "object_repr": "Сиднейский оперный театр откры - test@test.com",
    "action_flag": 2,
    "change_message": "[{\"changed\": {\"fields\": [\"Status\"]}}]"
  }
},
{
  "model": "admin.logentry",
  "pk": 31,
  "fields": {
    "action_time": "2022-12-23T09:34:04.911Z",
    "user": 1,
    "content_type": 11,
    "object_id": "5",
    "object_repr": "В Австралии объявили о \"серьез - test@test.com",
    "action_flag": 2,
    "change_message": "[{\"changed\": {\"fields\": [\"Content\"]}}]"
  }
},
{
  "model": "admin.logentry",
  "pk": 32,
  "fields": {
    "action_time": "2022-12-23T09:35:27.302Z",
    "user": 1,
    "content_type": 11,
    "object_id": "5",
    "object_repr": "В Австралии объявили о \"серьез - test@test.com",
    "action_flag": 2,
    "change_message": "[{\"changed\": {\"fields\": [\"Content\"]}}]"
  }
},
{
  "model": "admin.logentry",
  "pk": 33,
  "fields": {
    "action_time": "2022-12-23T09:36:50.743Z",
    "user": 1,
    "content_type": 11,
    "object_id": "5",
    "object_repr": "В Австралии объявили о \"серьез - test@test.com",
    "action_flag": 2,
    "change_message": "[{\"changed\": {\"fields\": [\"Content\"]}}]"
  }
},
{
  "model": "admin.logentry",
  "pk": 34,
  "fields": {
    "action_time": "2022-12-25T08:25:43.986Z",
    "user": 1,
    "content_type": 10,
    "object_id": "3",
    "object_repr": "test2@test.com",
    "action_flag": 2,
    "change_message": "[{\"changed\": {\"fields\": [\"Avatar\"]}}]"
  }
},
{
  "model": "admin.logentry",
  "pk": 35,
  "fields": {
    "action_time": "2022-12-25T16:47:11.584Z",
    "user": 1,
    "content_type": 13,
    "object_id": "17",
    "object_repr": "Comment object (17)",
    "action_flag": 3,
    "change_message": ""
  }
},
{
  "model": "admin.logentry",
  "pk": 36,
  "fields": {
    "action_time": "2022-12-25T16:59:58.373Z",
    "user": 1,
    "content_type": 13,
    "object_id": "18",
    "object_repr": "Comment object (18)",
    "action_flag": 3,
    "change_message": ""
  }
},
{
  "model": "admin.logentry",
  "pk": 37,
  "fields": {
    "action_time": "2023-01-12T16:20:16.983Z",
    "user": 1,
    "content_type": 16,
    "object_id": "1",
    "object_repr": "LikeDislike object (1)",
    "action_flag": 1,
    "change_message": "[{\"added\": {}}]"
  }
},
{
  "model": "admin.logentry",
  "pk": 38,
  "fields": {
    "action_time": "2023-01-12T16:21:58.250Z",
    "user": 1,
    "content_type": 16,
    "object_id": "2",
    "object_repr": "LikeDislike object (2)",
    "action_flag": 1,
    "change_message": "[{\"added\": {}}]"
  }
},
{
  "model": "admin.logentry",
  "pk": 39,
  "fields": {
    "action_time": "2023-01-12T16:22:40.800Z",
    "user": 1,
    "content_type": 16,
    "object_id": "3",
    "object_repr": "LikeDislike object (3)",
    "action_flag": 1,
    "change_message": "[{\"added\": {}}]"
  }
},
{
  "model": "admin.logentry",
  "pk": 40,
  "fields": {
    "action_time": "2023-01-14T08:10:31.699Z",
    "user": 1,
    "content_type": 16,
    "object_id": "38",
    "object_repr": "LikeDislike object (38)",
    "action_flag": 3,
    "change_message": ""
  }
},
{
  "model": "admin.logentry",
  "pk": 41,
  "fields": {
    "action_time": "2023-01-14T08:10:31.735Z",
    "user": 1,
    "content_type": 16,
    "object_id": "37",
    "object_repr": "LikeDislike object (37)",
    "action_flag": 3,
    "change_message": ""
  }
},
{
  "model": "admin.logentry",
  "pk": 42,
  "fields": {
    "action_time": "2023-01-14T08:10:31.736Z",
    "user": 1,
    "content_type": 16,
    "object_id": "36",
    "object_repr": "LikeDislike object (36)",
    "action_flag": 3,
    "change_message": ""
  }
},
{
  "model": "admin.logentry",
  "pk": 43,
  "fields": {
    "action_time": "2023-01-14T08:10:31.738Z",
    "user": 1,
    "content_type": 16,
    "object_id": "35",
    "object_repr": "LikeDislike object (35)",
    "action_flag": 3,
    "change_message": ""
  }
},
{
  "model": "admin.logentry",
  "pk": 44,
  "fields": {
    "action_time": "2023-01-14T08:10:31.740Z",
    "user": 1,
    "content_type": 16,
    "object_id": "34",
    "object_repr": "LikeDislike object (34)",
    "action_flag": 3,
    "change_message": ""
  }
},
{
  "model": "admin.logentry",
  "pk": 45,
  "fields": {
    "action_time": "2023-01-14T08:10:31.742Z",
    "user": 1,
    "content_type": 16,
    "object_id": "33",
    "object_repr": "LikeDislike object (33)",
    "action_flag": 3,
    "change_message": ""
  }
},
{
  "model": "admin.logentry",
  "pk": 46,
  "fields": {
    "action_time": "2023-01-14T08:10:31.744Z",
    "user": 1,
    "content_type": 16,
    "object_id": "32",
    "object_repr": "LikeDislike object (32)",
    "action_flag": 3,
    "change_message": ""
  }
},
{
  "model": "admin.logentry",
  "pk": 47,
  "fields": {
    "action_time": "2023-01-14T08:10:31.746Z",
    "user": 1,
    "content_type": 16,
    "object_id": "31",
    "object_repr": "LikeDislike object (31)",
    "action_flag": 3,
    "change_message": ""
  }
},
{
  "model": "admin.logentry",
  "pk": 48,
  "fields": {
    "action_time": "2023-01-14T08:10:31.747Z",
    "user": 1,
    "content_type": 16,
    "object_id": "30",
    "object_repr": "LikeDislike object (30)",
    "action_flag": 3,
    "change_message": ""
  }
},
{
  "model": "admin.logentry",
  "pk": 49,
  "fields": {
    "action_time": "2023-01-14T08:10:31.749Z",
    "user": 1,
    "content_type": 16,
    "object_id": "29",
    "object_repr": "LikeDislike object (29)",
    "action_flag": 3,
    "change_message": ""
  }
},
{
  "model": "admin.logentry",
  "pk": 50,
  "fields": {
    "action_time": "2023-01-14T08:10:31.751Z",
    "user": 1,
    "content_type": 16,
    "object_id": "28",
    "object_repr": "LikeDislike object (28)",
    "action_flag": 3,
    "change_message": ""
  }
},
{
  "model": "admin.logentry",
  "pk": 51,
  "fields": {
    "action_time": "2023-01-14T08:10:31.753Z",
    "user": 1,
    "content_type": 16,
    "object_id": "27",
    "object_repr": "LikeDislike object (27)",
    "action_flag": 3,
    "change_message": ""
  }
},
{
  "model": "admin.logentry",
  "pk": 52,
  "fields": {
    "action_time": "2023-01-14T08:10:31.754Z",
    "user": 1,
    "content_type": 16,
    "object_id": "26",
    "object_repr": "LikeDislike object (26)",
    "action_flag": 3,
    "change_message": ""
  }
},
{
  "model": "admin.logentry",
  "pk": 53,
  "fields": {
    "action_time": "2023-01-14T08:10:31.756Z",
    "user": 1,
    "content_type": 16,
    "object_id": "25",
    "object_repr": "LikeDislike object (25)",
    "action_flag": 3,
    "change_message": ""
  }
},
{
  "model": "admin.logentry",
  "pk": 54,
  "fields": {
    "action_time": "2023-01-14T08:10:31.758Z",
    "user": 1,
    "content_type": 16,
    "object_id": "24",
    "object_repr": "LikeDislike object (24)",
    "action_flag": 3,
    "change_message": ""
  }
},
{
  "model": "admin.logentry",
  "pk": 55,
  "fields": {
    "action_time": "2023-01-14T08:10:31.760Z",
    "user": 1,
    "content_type": 16,
    "object_id": "23",
    "object_repr": "LikeDislike object (23)",
    "action_flag": 3,
    "change_message": ""
  }
},
{
  "model": "admin.logentry",
  "pk": 56,
  "fields": {
    "action_time": "2023-01-14T08:10:31.763Z",
    "user": 1,
    "content_type": 16,
    "object_id": "22",
    "object_repr": "LikeDislike object (22)",
    "action_flag": 3,
    "change_message": ""
  }
},
{
  "model": "admin.logentry",
  "pk": 57,
  "fields": {
    "action_time": "2023-01-14T08:10:31.765Z",
    "user": 1,
    "content_type": 16,
    "object_id": "21",
    "object_repr": "LikeDislike object (21)",
    "action_flag": 3,
    "change_message": ""
  }
},
{
  "model": "admin.logentry",
  "pk": 58,
  "fields": {
    "action_time": "2023-01-14T08:10:31.767Z",
    "user": 1,
    "content_type": 16,
    "object_id": "20",
    "object_repr": "LikeDislike object (20)",
    "action_flag": 3,
    "change_message": ""
  }
},
{
  "model": "admin.logentry",
  "pk": 59,
  "fields": {
    "action_time": "2023-01-14T08:10:31.769Z",
    "user": 1,
    "content_type": 16,
    "object_id": "19",
    "object_repr": "LikeDislike object (19)",
    "action_flag": 3,
    "change_message": ""
  }
},
{
  "model": "admin.logentry",
  "pk": 60,
  "fields": {
    "action_time": "2023-01-14T08:10:31.771Z",
    "user": 1,
    "content_type": 16,
    "object_id": "18",
    "object_repr": "LikeDislike object (18)",
    "action_flag": 3,
    "change_message": ""
  }
},
{
  "model": "admin.logentry",
  "pk": 61,
  "fields": {
    "action_time": "2023-01-14T08:10:31.773Z",
    "user": 1,
    "content_type": 16,
    "object_id": "17",
    "object_repr": "LikeDislike object (17)",
    "action_flag": 3,
    "change_message": ""
  }
},
{
  "model": "admin.logentry",
  "pk": 62,
  "fields": {
    "action_time": "2023-01-14T08:10:31.775Z",
    "user": 1,
    "content_type": 16,
    "object_id": "16",
    "object_repr": "LikeDislike object (16)",
    "action_flag": 3,
    "change_message": ""
  }
},
{
  "model": "admin.logentry",
  "pk": 63,
  "fields": {
    "action_time": "2023-01-14T08:10:31.777Z",
    "user": 1,
    "content_type": 16,
    "object_id": "15",
    "object_repr": "LikeDislike object (15)",
    "action_flag": 3,
    "change_message": ""
  }
},
{
  "model": "admin.logentry",
  "pk": 64,
  "fields": {
    "action_time": "2023-01-14T08:10:31.780Z",
    "user": 1,
    "content_type": 16,
    "object_id": "14",
    "object_repr": "LikeDislike object (14)",
    "action_flag": 3,
    "change_message": ""
  }
},
{
  "model": "admin.logentry",
  "pk": 65,
  "fields": {
    "action_time": "2023-01-14T08:10:31.782Z",
    "user": 1,
    "content_type": 16,
    "object_id": "13",
    "object_repr": "LikeDislike object (13)",
    "action_flag": 3,
    "change_message": ""
  }
},
{
  "model": "admin.logentry",
  "pk": 66,
  "fields": {
    "action_time": "2023-01-14T08:10:31.784Z",
    "user": 1,
    "content_type": 16,
    "object_id": "12",
    "object_repr": "LikeDislike object (12)",
    "action_flag": 3,
    "change_message": ""
  }
},
{
  "model": "admin.logentry",
  "pk": 67,
  "fields": {
    "action_time": "2023-01-14T08:10:31.786Z",
    "user": 1,
    "content_type": 16,
    "object_id": "11",
    "object_repr": "LikeDislike object (11)",
    "action_flag": 3,
    "change_message": ""
  }
},
{
  "model": "admin.logentry",
  "pk": 68,
  "fields": {
    "action_time": "2023-01-14T08:10:31.787Z",
    "user": 1,
    "content_type": 16,
    "object_id": "10",
    "object_repr": "LikeDislike object (10)",
    "action_flag": 3,
    "change_message": ""
  }
},
{
  "model": "admin.logentry",
  "pk": 69,
  "fields": {
    "action_time": "2023-01-14T08:10:31.789Z",
    "user": 1,
    "content_type": 16,
    "object_id": "9",
    "object_repr": "LikeDislike object (9)",
    "action_flag": 3,
    "change_message": ""
  }
},
{
  "model": "admin.logentry",
  "pk": 70,
  "fields": {
    "action_time": "2023-01-14T08:10:31.791Z",
    "user": 1,
    "content_type": 16,
    "object_id": "8",
    "object_repr": "LikeDislike object (8)",
    "action_flag": 3,
    "change_message": ""
  }
},
{
  "model": "admin.logentry",
  "pk": 71,
  "fields": {
    "action_time": "2023-01-14T08:10:31.793Z",
    "user": 1,
    "content_type": 16,
    "object_id": "7",
    "object_repr": "LikeDislike object (7)",
    "action_flag": 3,
    "change_message": ""
  }
},
{
  "model": "admin.logentry",
  "pk": 72,
  "fields": {
    "action_time": "2023-01-14T08:10:31.795Z",
    "user": 1,
    "content_type": 16,
    "object_id": "6",
    "object_repr": "LikeDislike object (6)",
    "action_flag": 3,
    "change_message": ""
  }
},
{
  "model": "admin.logentry",
  "pk": 73,
  "fields": {
    "action_time": "2023-01-14T08:10:31.797Z",
    "user": 1,
    "content_type": 16,
    "object_id": "5",
    "object_repr": "LikeDislike object (5)",
    "action_flag": 3,
    "change_message": ""
  }
},
{
  "model": "admin.logentry",
  "pk": 74,
  "fields": {
    "action_time": "2023-01-14T08:36:24.549Z",
    "user": 1,
    "content_type": 16,
    "object_id": "39",
    "object_repr": "LikeDislike object (39)",
    "action_flag": 3,
    "change_message": ""
  }
},
{
  "model": "admin.logentry",
  "pk": 75,
  "fields": {
    "action_time": "2023-01-14T08:38:48.412Z",
    "user": 1,
    "content_type": 16,
    "object_id": "41",
    "object_repr": "LikeDislike object (41)",
    "action_flag": 3,
    "change_message": ""
  }
},
{
  "model": "admin.logentry",
  "pk": 76,
  "fields": {
    "action_time": "2023-01-14T09:47:21.461Z",
    "user": 1,
    "content_type": 16,
    "object_id": "58",
    "object_repr": "LikeDislike object (58)",
    "action_flag": 3,
    "change_message": ""
  }
},
{
  "model": "admin.logentry",
  "pk": 77,
  "fields": {
    "action_time": "2023-01-14T09:47:21.464Z",
    "user": 1,
    "content_type": 16,
    "object_id": "56",
    "object_repr": "LikeDislike object (56)",
    "action_flag": 3,
    "change_message": ""
  }
},
{
  "model": "admin.logentry",
  "pk": 78,
  "fields": {
    "action_time": "2023-01-14T09:47:21.471Z",
    "user": 1,
    "content_type": 16,
    "object_id": "55",
    "object_repr": "LikeDislike object (55)",
    "action_flag": 3,
    "change_message": ""
  }
},
{
  "model": "admin.logentry",
  "pk": 79,
  "fields": {
    "action_time": "2023-01-14T09:47:21.473Z",
    "user": 1,
    "content_type": 16,
    "object_id": "54",
    "object_repr": "LikeDislike object (54)",
    "action_flag": 3,
    "change_message": ""
  }
},
{
  "model": "admin.logentry",
  "pk": 80,
  "fields": {
    "action_time": "2023-01-14T09:47:21.474Z",
    "user": 1,
    "content_type": 16,
    "object_id": "53",
    "object_repr": "LikeDislike object (53)",
    "action_flag": 3,
    "change_message": ""
  }
},
{
  "model": "admin.logentry",
  "pk": 81,
  "fields": {
    "action_time": "2023-01-14T09:47:21.476Z",
    "user": 1,
    "content_type": 16,
    "object_id": "52",
    "object_repr": "LikeDislike object (52)",
    "action_flag": 3,
    "change_message": ""
  }
},
{
  "model": "admin.logentry",
  "pk": 82,
  "fields": {
    "action_time": "2023-01-14T09:47:21.478Z",
    "user": 1,
    "content_type": 16,
    "object_id": "3",
    "object_repr": "LikeDislike object (3)",
    "action_flag": 3,
    "change_message": ""
  }
},
{
  "model": "admin.logentry",
  "pk": 83,
  "fields": {
    "action_time": "2023-01-15T12:02:52.012Z",
    "user": 1,
    "content_type": 16,
    "object_id": "78",
    "object_repr": "LikeDislike object (78)",
    "action_flag": 3,
    "change_message": ""
  }
},
{
  "model": "admin.logentry",
  "pk": 84,
  "fields": {
    "action_time": "2023-01-15T18:12:05.360Z",
    "user": 1,
    "content_type": 16,
    "object_id": "222",
    "object_repr": "LikeDislike object (222)",
    "action_flag": 3,
    "change_message": ""
  }
},
{
  "model": "admin.logentry",
  "pk": 85,
  "fields": {
    "action_time": "2023-01-15T18:12:05.376Z",
    "user": 1,
    "content_type": 16,
    "object_id": "221",
    "object_repr": "LikeDislike object (221)",
    "action_flag": 3,
    "change_message": ""
  }
},
{
  "model": "admin.logentry",
  "pk": 86,
  "fields": {
    "action_time": "2023-01-15T18:12:05.378Z",
    "user": 1,
    "content_type": 16,
    "object_id": "219",
    "object_repr": "LikeDislike object (219)",
    "action_flag": 3,
    "change_message": ""
  }
},
{
  "model": "admin.logentry",
  "pk": 87,
  "fields": {
    "action_time": "2023-01-15T18:12:05.379Z",
    "user": 1,
    "content_type": 16,
    "object_id": "218",
    "object_repr": "LikeDislike object (218)",
    "action_flag": 3,
    "change_message": ""
  }
},
{
  "model": "admin.logentry",
  "pk": 88,
  "fields": {
    "action_time": "2023-01-15T18:12:05.381Z",
    "user": 1,
    "content_type": 16,
    "object_id": "216",
    "object_repr": "LikeDislike object (216)",
    "action_flag": 3,
    "change_message": ""
  }
},
{
  "model": "admin.logentry",
  "pk": 89,
  "fields": {
    "action_time": "2023-01-15T18:12:05.383Z",
    "user": 1,
    "content_type": 16,
    "object_id": "199",
    "object_repr": "LikeDislike object (199)",
    "action_flag": 3,
    "change_message": ""
  }
},
{
  "model": "admin.logentry",
  "pk": 90,
  "fields": {
    "action_time": "2023-01-15T18:12:05.384Z",
    "user": 1,
    "content_type": 16,
    "object_id": "198",
    "object_repr": "LikeDislike object (198)",
    "action_flag": 3,
    "change_message": ""
  }
},
{
  "model": "admin.logentry",
  "pk": 91,
  "fields": {
    "action_time": "2023-01-15T18:12:05.386Z",
    "user": 1,
    "content_type": 16,
    "object_id": "196",
    "object_repr": "LikeDislike object (196)",
    "action_flag": 3,
    "change_message": ""
  }
},
{
  "model": "admin.logentry",
  "pk": 92,
  "fields": {
    "action_time": "2023-01-15T18:12:05.388Z",
    "user": 1,
    "content_type": 16,
    "object_id": "195",
    "object_repr": "LikeDislike object (195)",
    "action_flag": 3,
    "change_message": ""
  }
},
{
  "model": "admin.logentry",
  "pk": 93,
  "fields": {
    "action_time": "2023-01-15T18:12:05.389Z",
    "user": 1,
    "content_type": 16,
    "object_id": "194",
    "object_repr": "LikeDislike object (194)",
    "action_flag": 3,
    "change_message": ""
  }
},
{
  "model": "admin.logentry",
  "pk": 94,
  "fields": {
    "action_time": "2023-01-15T18:12:05.391Z",
    "user": 1,
    "content_type": 16,
    "object_id": "62",
    "object_repr": "LikeDislike object (62)",
    "action_flag": 3,
    "change_message": ""
  }
},
{
  "model": "admin.logentry",
  "pk": 95,
  "fields": {
    "action_time": "2023-01-15T18:12:05.393Z",
    "user": 1,
    "content_type": 16,
    "object_id": "61",
    "object_repr": "LikeDislike object (61)",
    "action_flag": 3,
    "change_message": ""
  }
},
{
  "model": "admin.logentry",
  "pk": 96,
  "fields": {
    "action_time": "2023-01-15T18:12:05.394Z",
    "user": 1,
    "content_type": 16,
    "object_id": "60",
    "object_repr": "LikeDislike object (60)",
    "action_flag": 3,
    "change_message": ""
  }
},
{
  "model": "admin.logentry",
  "pk": 97,
  "fields": {
    "action_time": "2023-01-16T09:31:36.055Z",
    "user": 1,
    "content_type": 11,
    "object_id": "1",
    "object_repr": "Сиднейский оперный театр откры - test@test.com",
    "action_flag": 2,
    "change_message": "[{\"changed\": {\"fields\": [\"Content\"]}}]"
  }
},
{
  "model": "admin.logentry",
  "pk": 98,
  "fields": {
    "action_time": "2023-01-16T09:35:15.180Z",
    "user": 1,
    "content_type": 11,
    "object_id": "1",
    "object_repr": "Сиднейский оперный театр откры - test@test.com",
    "action_flag": 2,
    "change_message": "[{\"changed\": {\"fields\": [\"Content\"]}}]"
  }
},
{
  "model": "admin.logentry",
  "pk": 99,
  "fields": {
    "action_time": "2023-01-16T09:36:31.600Z",
    "user": 1,
    "content_type": 11,
    "object_id": "5",
    "object_repr": "В Австралии объявили о \"серьез - test@test.com",
    "action_flag": 2,
    "change_message": "[{\"changed\": {\"fields\": [\"Content\"]}}]"
  }
},
{
  "model": "admin.logentry",
  "pk": 100,
  "fields": {
    "action_time": "2023-01-25T13:49:36.172Z",
    "user": 1,
    "content_type": 17,
    "object_id": "1",
    "object_repr": "Follower object (1)",
    "action_flag": 1,
    "change_message": "[{\"added\": {}}]"
  }
},
{
  "model": "admin.logentry",
  "pk": 101,
  "fields": {
    "action_time": "2023-01-25T13:49:43.182Z",
    "user": 1,
    "content_type": 17,
    "object_id": "2",
    "object_repr": "Follower object (2)",
    "action_flag": 1,
    "change_message": "[{\"added\": {}}]"
  }
},
{
  "model": "admin.logentry",
  "pk": 102,
  "fields": {
    "action_time": "2023-01-25T14:54:33.517Z",
    "user": 1,
    "content_type": 10,
    "object_id": "1",
    "object_repr": "test@test.com",
    "action_flag": 2,
    "change_message": "[{\"added\": {\"name\": \"follower\", \"object\": \"Follower object (3)\"}}]"
  }
},
{
  "model": "admin.logentry",
  "pk": 103,
  "fields": {
    "action_time": "2023-01-25T15:00:22.728Z",
    "user": 1,
    "content_type": 10,
    "object_id": "1",
    "object_repr": "test@test.com",
    "action_flag": 2,
    "change_message": "[]"
  }
},
{
  "model": "admin.logentry",
  "pk": 104,
  "fields": {
    "action_time": "2023-01-25T15:16:01.699Z",
    "user": 1,
    "content_type": 17,
    "object_id": "4",
    "object_repr": "Follower object (4)",
    "action_flag": 1,
    "change_message": "[{\"added\": {}}]"
  }
},
{
  "model": "admin.logentry",
  "pk": 105,
  "fields": {
    "action_time": "2023-01-25T15:16:25.403Z",
    "user": 1,
    "content_type": 17,
    "object_id": "5",
    "object_repr": "Follower object (5)",
    "action_flag": 1,
    "change_message": "[{\"added\": {}}]"
  }
},
{
  "model": "admin.logentry",
  "pk": 106,
  "fields": {
    "action_time": "2023-01-26T09:38:56.375Z",
    "user": 1,
    "content_type": 17,
    "object_id": "6",
    "object_repr": "Follower object (6)",
    "action_flag": 1,
    "change_message": "[{\"added\": {}}]"
  }
},
{
  "model": "admin.logentry",
  "pk": 107,
  "fields": {
    "action_time": "2023-01-26T09:52:29.252Z",
    "user": 1,
    "content_type": 17,
    "object_id": "6",
    "object_repr": "Follower object (6)",
    "action_flag": 3,
    "change_message": ""
  }
},
{
  "model": "admin.logentry",
  "pk": 108,
  "fields": {
    "action_time": "2023-01-26T13:17:03.331Z",
    "user": 1,
    "content_type": 17,
    "object_id": "7",
    "object_repr": "Follower object (7)",
    "action_flag": 1,
    "change_message": "[{\"added\": {}}]"
  }
},
{
  "model": "admin.logentry",
  "pk": 109,
  "fields": {
    "action_time": "2023-01-26T13:17:11.900Z",
    "user": 1,
    "content_type": 17,
    "object_id": "8",
    "object_repr": "Follower object (8)",
    "action_flag": 1,
    "change_message": "[{\"added\": {}}]"
  }
},
{
  "model": "admin.logentry",
  "pk": 110,
  "fields": {
    "action_time": "2023-01-26T14:17:38.543Z",
    "user": 1,
    "content_type": 17,
    "object_id": "3",
    "object_repr": "Follower object (3)",
    "action_flag": 3,
    "change_message": ""
  }
},
{
  "model": "admin.logentry",
  "pk": 111,
  "fields": {
    "action_time": "2023-01-26T14:17:38.551Z",
    "user": 1,
    "content_type": 17,
    "object_id": "8",
    "object_repr": "Follower object (8)",
    "action_flag": 3,
    "change_message": ""
  }
},
{
  "model": "admin.logentry",
  "pk": 112,
  "fields": {
    "action_time": "2023-01-26T14:17:38.553Z",
    "user": 1,
    "content_type": 17,
    "object_id": "7",
    "object_repr": "Follower object (7)",
    "action_flag": 3,
    "change_message": ""
  }
},
{
  "model": "admin.logentry",
  "pk": 113,
  "fields": {
    "action_time": "2023-01-26T14:17:38.555Z",
    "user": 1,
    "content_type": 17,
    "object_id": "2",
    "object_repr": "Follower object (2)",
    "action_flag": 3,
    "change_message": ""
  }
},
{
  "model": "admin.logentry",
  "pk": 114,
  "fields": {
    "action_time": "2023-01-26T14:17:38.557Z",
    "user": 1,
    "content_type": 17,
    "object_id": "1",
    "object_repr": "Follower object (1)",
    "action_flag": 3,
    "change_message": ""
  }
},
{
  "model": "admin.logentry",
  "pk": 115,
  "fields": {
    "action_time": "2023-01-26T14:17:38.560Z",
    "user": 1,
    "content_type": 17,
    "object_id": "4",
    "object_repr": "Follower object (4)",
    "action_flag": 3,
    "change_message": ""
  }
},
{
  "model": "admin.logentry",
  "pk": 116,
  "fields": {
    "action_time": "2023-01-26T14:17:38.562Z",
    "user": 1,
    "content_type": 17,
    "object_id": "5",
    "object_repr": "Follower object (5)",
    "action_flag": 3,
    "change_message": ""
  }
},
{
  "model": "admin.logentry",
  "pk": 117,
  "fields": {
    "action_time": "2023-01-26T14:40:08.289Z",
    "user": 1,
    "content_type": 17,
    "object_id": "9",
    "object_repr": "Follower object (9)",
    "action_flag": 3,
    "change_message": ""
  }
},
{
  "model": "admin.logentry",
  "pk": 118,
  "fields": {
    "action_time": "2023-01-26T14:43:03.804Z",
    "user": 1,
    "content_type": 17,
    "object_id": "11",
    "object_repr": "Follower object (11)",
    "action_flag": 3,
    "change_message": ""
  }
},
{
  "model": "admin.logentry",
  "pk": 119,
  "fields": {
    "action_time": "2023-01-26T14:46:12.426Z",
    "user": 1,
    "content_type": 17,
    "object_id": "12",
    "object_repr": "Follower object (12)",
    "action_flag": 3,
    "change_message": ""
  }
},
{
  "model": "admin.logentry",
  "pk": 120,
  "fields": {
    "action_time": "2023-01-26T14:48:19.481Z",
    "user": 1,
    "content_type": 17,
    "object_id": "14",
    "object_repr": "Follower object (14)",
    "action_flag": 3,
    "change_message": ""
  }
},
{
  "model": "admin.logentry",
  "pk": 121,
  "fields": {
    "action_time": "2023-01-26T15:25:14.674Z",
    "user": 1,
    "content_type": 17,
    "object_id": "15",
    "object_repr": "Follower object (15)",
    "action_flag": 3,
    "change_message": ""
  }
},
{
  "model": "admin.logentry",
  "pk": 122,
  "fields": {
    "action_time": "2023-01-27T14:55:28.608Z",
    "user": 1,
    "content_type": 11,
    "object_id": "5",
    "object_repr": "В Австралии объявили о \"серьез - test@test.com",
    "action_flag": 2,
    "change_message": "[{\"changed\": {\"fields\": [\"Image\"]}}]"
  }
},
{
  "model": "admin.logentry",
  "pk": 123,
  "fields": {
    "action_time": "2023-02-18T13:51:43.592Z",
    "user": 1,
    "content_type": 17,
    "object_id": "168",
    "object_repr": "Follower object (168)",
    "action_flag": 3,
    "change_message": ""
  }
},
{
  "model": "auth.permission",
  "pk": 1,
  "fields": {
    "name": "Can add log entry",
    "content_type": 1,
    "codename": "add_logentry"
  }
},
{
  "model": "auth.permission",
  "pk": 2,
  "fields": {
    "name": "Can change log entry",
    "content_type": 1,
    "codename": "change_logentry"
  }
},
{
  "model": "auth.permission",
  "pk": 3,
  "fields": {
    "name": "Can delete log entry",
    "content_type": 1,
    "codename": "delete_logentry"
  }
},
{
  "model": "auth.permission",
  "pk": 4,
  "fields": {
    "name": "Can view log entry",
    "content_type": 1,
    "codename": "view_logentry"
  }
},
{
  "model": "auth.permission",
  "pk": 5,
  "fields": {
    "name": "Can add permission",
    "content_type": 2,
    "codename": "add_permission"
  }
},
{
  "model": "auth.permission",
  "pk": 6,
  "fields": {
    "name": "Can change permission",
    "content_type": 2,
    "codename": "change_permission"
  }
},
{
  "model": "auth.permission",
  "pk": 7,
  "fields": {
    "name": "Can delete permission",
    "content_type": 2,
    "codename": "delete_permission"
  }
},
{
  "model": "auth.permission",
  "pk": 8,
  "fields": {
    "name": "Can view permission",
    "content_type": 2,
    "codename": "view_permission"
  }
},
{
  "model": "auth.permission",
  "pk": 9,
  "fields": {
    "name": "Can add group",
    "content_type": 3,
    "codename": "add_group"
  }
},
{
  "model": "auth.permission",
  "pk": 10,
  "fields": {
    "name": "Can change group",
    "content_type": 3,
    "codename": "change_group"
  }
},
{
  "model": "auth.permission",
  "pk": 11,
  "fields": {
    "name": "Can delete group",
    "content_type": 3,
    "codename": "delete_group"
  }
},
{
  "model": "auth.permission",
  "pk": 12,
  "fields": {
    "name": "Can view group",
    "content_type": 3,
    "codename": "view_group"
  }
},
{
  "model": "auth.permission",
  "pk": 13,
  "fields": {
    "name": "Can add content type",
    "content_type": 4,
    "codename": "add_contenttype"
  }
},
{
  "model": "auth.permission",
  "pk": 14,
  "fields": {
    "name": "Can change content type",
    "content_type": 4,
    "codename": "change_contenttype"
  }
},
{
  "model": "auth.permission",
  "pk": 15,
  "fields": {
    "name": "Can delete content type",
    "content_type": 4,
    "codename": "delete_contenttype"
  }
},
{
  "model": "auth.permission",
  "pk": 16,
  "fields": {
    "name": "Can view content type",
    "content_type": 4,
    "codename": "view_contenttype"
  }
},
{
  "model": "auth.permission",
  "pk": 17,
  "fields": {
    "name": "Can add session",
    "content_type": 5,
    "codename": "add_session"
  }
},
{
  "model": "auth.permission",
  "pk": 18,
  "fields": {
    "name": "Can change session",
    "content_type": 5,
    "codename": "change_session"
  }
},
{
  "model": "auth.permission",
  "pk": 19,
  "fields": {
    "name": "Can delete session",
    "content_type": 5,
    "codename": "delete_session"
  }
},
{
  "model": "auth.permission",
  "pk": 20,
  "fields": {
    "name": "Can view session",
    "content_type": 5,
    "codename": "view_session"
  }
},
{
  "model": "auth.permission",
  "pk": 21,
  "fields": {
    "name": "Can add blacklisted token",
    "content_type": 6,
    "codename": "add_blacklistedtoken"
  }
},
{
  "model": "auth.permission",
  "pk": 22,
  "fields": {
    "name": "Can change blacklisted token",
    "content_type": 6,
    "codename": "change_blacklistedtoken"
  }
},
{
  "model": "auth.permission",
  "pk": 23,
  "fields": {
    "name": "Can delete blacklisted token",
    "content_type": 6,
    "codename": "delete_blacklistedtoken"
  }
},
{
  "model": "auth.permission",
  "pk": 24,
  "fields": {
    "name": "Can view blacklisted token",
    "content_type": 6,
    "codename": "view_blacklistedtoken"
  }
},
{
  "model": "auth.permission",
  "pk": 25,
  "fields": {
    "name": "Can add outstanding token",
    "content_type": 7,
    "codename": "add_outstandingtoken"
  }
},
{
  "model": "auth.permission",
  "pk": 26,
  "fields": {
    "name": "Can change outstanding token",
    "content_type": 7,
    "codename": "change_outstandingtoken"
  }
},
{
  "model": "auth.permission",
  "pk": 27,
  "fields": {
    "name": "Can delete outstanding token",
    "content_type": 7,
    "codename": "delete_outstandingtoken"
  }
},
{
  "model": "auth.permission",
  "pk": 28,
  "fields": {
    "name": "Can view outstanding token",
    "content_type": 7,
    "codename": "view_outstandingtoken"
  }
},
{
  "model": "auth.permission",
  "pk": 29,
  "fields": {
    "name": "Can add access attempt",
    "content_type": 8,
    "codename": "add_accessattempt"
  }
},
{
  "model": "auth.permission",
  "pk": 30,
  "fields": {
    "name": "Can change access attempt",
    "content_type": 8,
    "codename": "change_accessattempt"
  }
},
{
  "model": "auth.permission",
  "pk": 31,
  "fields": {
    "name": "Can delete access attempt",
    "content_type": 8,
    "codename": "delete_accessattempt"
  }
},
{
  "model": "auth.permission",
  "pk": 32,
  "fields": {
    "name": "Can view access attempt",
    "content_type": 8,
    "codename": "view_accessattempt"
  }
},
{
  "model": "auth.permission",
  "pk": 33,
  "fields": {
    "name": "Can add attachment",
    "content_type": 9,
    "codename": "add_attachment"
  }
},
{
  "model": "auth.permission",
  "pk": 34,
  "fields": {
    "name": "Can change attachment",
    "content_type": 9,
    "codename": "change_attachment"
  }
},
{
  "model": "auth.permission",
  "pk": 35,
  "fields": {
    "name": "Can delete attachment",
    "content_type": 9,
    "codename": "delete_attachment"
  }
},
{
  "model": "auth.permission",
  "pk": 36,
  "fields": {
    "name": "Can view attachment",
    "content_type": 9,
    "codename": "view_attachment"
  }
},
{
  "model": "auth.permission",
  "pk": 37,
  "fields": {
    "name": "Can add User",
    "content_type": 10,
    "codename": "add_user"
  }
},
{
  "model": "auth.permission",
  "pk": 38,
  "fields": {
    "name": "Can change User",
    "content_type": 10,
    "codename": "change_user"
  }
},
{
  "model": "auth.permission",
  "pk": 39,
  "fields": {
    "name": "Can delete User",
    "content_type": 10,
    "codename": "delete_user"
  }
},
{
  "model": "auth.permission",
  "pk": 40,
  "fields": {
    "name": "Can view User",
    "content_type": 10,
    "codename": "view_user"
  }
},
{
  "model": "auth.permission",
  "pk": 41,
  "fields": {
    "name": "Can add Article",
    "content_type": 11,
    "codename": "add_article"
  }
},
{
  "model": "auth.permission",
  "pk": 42,
  "fields": {
    "name": "Can change Article",
    "content_type": 11,
    "codename": "change_article"
  }
},
{
  "model": "auth.permission",
  "pk": 43,
  "fields": {
    "name": "Can delete Article",
    "content_type": 11,
    "codename": "delete_article"
  }
},
{
  "model": "auth.permission",
  "pk": 44,
  "fields": {
    "name": "Can view Article",
    "content_type": 11,
    "codename": "view_article"
  }
},
{
  "model": "auth.permission",
  "pk": 45,
  "fields": {
    "name": "Can add Category",
    "content_type": 12,
    "codename": "add_category"
  }
},
{
  "model": "auth.permission",
  "pk": 46,
  "fields": {
    "name": "Can change Category",
    "content_type": 12,
    "codename": "change_category"
  }
},
{
  "model": "auth.permission",
  "pk": 47,
  "fields": {
    "name": "Can delete Category",
    "content_type": 12,
    "codename": "delete_category"
  }
},
{
  "model": "auth.permission",
  "pk": 48,
  "fields": {
    "name": "Can view Category",
    "content_type": 12,
    "codename": "view_category"
  }
},
{
  "model": "auth.permission",
  "pk": 49,
  "fields": {
    "name": "Can add Comment",
    "content_type": 13,
    "codename": "add_comment"
  }
},
{
  "model": "auth.permission",
  "pk": 50,
  "fields": {
    "name": "Can change Comment",
    "content_type": 13,
    "codename": "change_comment"
  }
},
{
  "model": "auth.permission",
  "pk": 51,
  "fields": {
    "name": "Can delete Comment",
    "content_type": 13,
    "codename": "delete_comment"
  }
},
{
  "model": "auth.permission",
  "pk": 52,
  "fields": {
    "name": "Can view Comment",
    "content_type": 13,
    "codename": "view_comment"
  }
},
{
  "model": "auth.permission",
  "pk": 53,
  "fields": {
    "name": "Can add Feedback",
    "content_type": 14,
    "codename": "add_feedback"
  }
},
{
  "model": "auth.permission",
  "pk": 54,
  "fields": {
    "name": "Can change Feedback",
    "content_type": 14,
    "codename": "change_feedback"
  }
},
{
  "model": "auth.permission",
  "pk": 55,
  "fields": {
    "name": "Can delete Feedback",
    "content_type": 14,
    "codename": "delete_feedback"
  }
},
{
  "model": "auth.permission",
  "pk": 56,
  "fields": {
    "name": "Can view Feedback",
    "content_type": 14,
    "codename": "view_feedback"
  }
},
{
  "model": "auth.permission",
  "pk": 57,
  "fields": {
    "name": "Can add like",
    "content_type": 15,
    "codename": "add_like"
  }
},
{
  "model": "auth.permission",
  "pk": 58,
  "fields": {
    "name": "Can change like",
    "content_type": 15,
    "codename": "change_like"
  }
},
{
  "model": "auth.permission",
  "pk": 59,
  "fields": {
    "name": "Can delete like",
    "content_type": 15,
    "codename": "delete_like"
  }
},
{
  "model": "auth.permission",
  "pk": 60,
  "fields": {
    "name": "Can view like",
    "content_type": 15,
    "codename": "view_like"
  }
},
{
  "model": "auth.permission",
  "pk": 61,
  "fields": {
    "name": "Can add like dislike",
    "content_type": 16,
    "codename": "add_likedislike"
  }
},
{
  "model": "auth.permission",
  "pk": 62,
  "fields": {
    "name": "Can change like dislike",
    "content_type": 16,
    "codename": "change_likedislike"
  }
},
{
  "model": "auth.permission",
  "pk": 63,
  "fields": {
    "name": "Can delete like dislike",
    "content_type": 16,
    "codename": "delete_likedislike"
  }
},
{
  "model": "auth.permission",
  "pk": 64,
  "fields": {
    "name": "Can view like dislike",
    "content_type": 16,
    "codename": "view_likedislike"
  }
},
{
  "model": "auth.permission",
  "pk": 65,
  "fields": {
    "name": "Can add follower",
    "content_type": 17,
    "codename": "add_follower"
  }
},
{
  "model": "auth.permission",
  "pk": 66,
  "fields": {
    "name": "Can change follower",
    "content_type": 17,
    "codename": "change_follower"
  }
},
{
  "model": "auth.permission",
  "pk": 67,
  "fields": {
    "name": "Can delete follower",
    "content_type": 17,
    "codename": "delete_follower"
  }
},
{
  "model": "auth.permission",
  "pk": 68,
  "fields": {
    "name": "Can view follower",
    "content_type": 17,
    "codename": "view_follower"
  }
},
{
  "model": "contenttypes.contenttype",
  "pk": 1,
  "fields": {
    "app_label": "admin",
    "model": "logentry"
  }
},
{
  "model": "contenttypes.contenttype",
  "pk": 2,
  "fields": {
    "app_label": "auth",
    "model": "permission"
  }
},
{
  "model": "contenttypes.contenttype",
  "pk": 3,
  "fields": {
    "app_label": "auth",
    "model": "group"
  }
},
{
  "model": "contenttypes.contenttype",
  "pk": 4,
  "fields": {
    "app_label": "contenttypes",
    "model": "contenttype"
  }
},
{
  "model": "contenttypes.contenttype",
  "pk": 5,
  "fields": {
    "app_label": "sessions",
    "model": "session"
  }
},
{
  "model": "contenttypes.contenttype",
  "pk": 6,
  "fields": {
    "app_label": "token_blacklist",
    "model": "blacklistedtoken"
  }
},
{
  "model": "contenttypes.contenttype",
  "pk": 7,
  "fields": {
    "app_label": "token_blacklist",
    "model": "outstandingtoken"
  }
},
{
  "model": "contenttypes.contenttype",
  "pk": 8,
  "fields": {
    "app_label": "defender",
    "model": "accessattempt"
  }
},
{
  "model": "contenttypes.contenttype",
  "pk": 9,
  "fields": {
    "app_label": "django_summernote",
    "model": "attachment"
  }
},
{
  "model": "contenttypes.contenttype",
  "pk": 10,
  "fields": {
    "app_label": "main",
    "model": "user"
  }
},
{
  "model": "contenttypes.contenttype",
  "pk": 11,
  "fields": {
    "app_label": "blog",
    "model": "article"
  }
},
{
  "model": "contenttypes.contenttype",
  "pk": 12,
  "fields": {
    "app_label": "blog",
    "model": "category"
  }
},
{
  "model": "contenttypes.contenttype",
  "pk": 13,
  "fields": {
    "app_label": "blog",
    "model": "comment"
  }
},
{
  "model": "contenttypes.contenttype",
  "pk": 14,
  "fields": {
    "app_label": "contact_us",
    "model": "feedback"
  }
},
{
  "model": "contenttypes.contenttype",
  "pk": 15,
  "fields": {
    "app_label": "blog",
    "model": "like"
  }
},
{
  "model": "contenttypes.contenttype",
  "pk": 16,
  "fields": {
    "app_label": "action",
    "model": "likedislike"
  }
},
{
  "model": "contenttypes.contenttype",
  "pk": 17,
  "fields": {
    "app_label": "action",
    "model": "follower"
  }
},
{
  "model": "sessions.session",
  "pk": "2o6xfzblvarhez909lkqrr3n3a5wol4w",
  "fields": {
    "session_data": ".eJxVjDEOwyAUQ-_CXCEgfAIdu-cM6AM_JW0FUkimqncvkTK0khf72X4zj_uW_d5o9UtiVybZ5TcLGJ9UDpAeWO6Vx1q2dQn8qPCTNj7VRK_b2f07yNhyXyvptESpIVo0xsJs4gw0WmWiG6IKY9cAWqEQJNBqDUml7o1yNDgC9vkCuns2tw:1pJBP6:m4lThafQ0RZ5bJB1Mz2v64jYIWuXBOkLNB9Rb9mIszo",
    "expire_date": "2023-02-04T10:47:20.125Z"
  }
},
{
  "model": "sessions.session",
  "pk": "et7zef2b7la98osnhtcl78pfzmv85fpo",
  "fields": {
    "session_data": ".eJxVjDEOwyAUQ-_CXCEgfAIdu-cM6AM_JW0FUkimqncvkTK0khf72X4zj_uW_d5o9UtiVybZ5TcLGJ9UDpAeWO6Vx1q2dQn8qPCTNj7VRK_b2f07yNhyXyvptESpIVo0xsJs4gw0WmWiG6IKY9cAWqEQJNBqDUml7o1yNDgC9vkCuns2tw:1pTNcH:UkTA5OtwSC9MIwjmX-tDg_V-VoGeBMyRR2G0mNVAKfE",
    "expire_date": "2023-03-04T13:51:05.060Z"
  }
},
{
  "model": "sessions.session",
  "pk": "gd6z8j2n9tftue3dmud101zef9mth986",
  "fields": {
    "session_data": ".eJxVjDEOwyAUQ-_CXCEgfAIdu-cM6AM_JW0FUkimqncvkTK0khf72X4zj_uW_d5o9UtiVybZ5TcLGJ9UDpAeWO6Vx1q2dQn8qPCTNj7VRK_b2f07yNhyXyvptESpIVo0xsJs4gw0WmWiG6IKY9cAWqEQJNBqDUml7o1yNDgC9vkCuns2tw:1pE4SC:FMmwOQAa0beDIUwQRcWqyaqMXyeehMCtwnT7wn3WbQI",
    "expire_date": "2023-01-21T08:21:24.560Z"
  }
},
{
  "model": "sessions.session",
  "pk": "zo84maghwg9bze2k25mwdlidme0dyb0j",
  "fields": {
    "session_data": ".eJxVjDEOwyAUQ-_CXCEgfAIdu-cM6AM_JW0FUkimqncvkTK0khf72X4zj_uW_d5o9UtiVybZ5TcLGJ9UDpAeWO6Vx1q2dQn8qPCTNj7VRK_b2f07yNhyXyvptESpIVo0xsJs4gw0WmWiG6IKY9cAWqEQJNBqDUml7o1yNDgC9vkCuns2tw:1p8dUa:QdjmPdaCPrLqmmb4w98LJ3_2ur4d1tIOoi5SWUn5gEA",
    "expire_date": "2023-01-06T08:33:24.655Z"
  }
},
{
  "model": "token_blacklist.outstandingtoken",
  "pk": 1,
  "fields": {
    "user": 1,
    "jti": "f46a50558da64346a99b0895df7221bd",
    "token": "eyJhbGciOiJIUzI1NiIsInR5cCI6IkpXVCJ9.eyJ0b2tlbl90eXBlIjoicmVmcmVzaCIsImV4cCI6MTY3MTk1NTI2OCwiaWF0IjoxNjcxNzgyNDY4LCJqdGkiOiJmNDZhNTA1NThkYTY0MzQ2YTk5YjA4OTVkZjcyMjFiZCIsInVzZXJfaWQiOjF9.yIR1ZYgR1mlR1wEpsNiKgkRTOev9IuRilK6xzZ53o6c",
    "created_at": "2022-12-23T08:01:08.140Z",
    "expires_at": "2022-12-25T08:01:08Z"
  }
},
{
  "model": "token_blacklist.outstandingtoken",
  "pk": 2,
  "fields": {
    "user": 1,
    "jti": "a1bc5ff9459e4b1ca034c9babeb50a2e",
    "token": "eyJhbGciOiJIUzI1NiIsInR5cCI6IkpXVCJ9.eyJ0b2tlbl90eXBlIjoicmVmcmVzaCIsImV4cCI6MTY3MTk2MTM5MiwiaWF0IjoxNjcxNzg4NTkyLCJqdGkiOiJhMWJjNWZmOTQ1OWU0YjFjYTAzNGM5YmFiZWI1MGEyZSIsInVzZXJfaWQiOjF9.W0UImXyzTjaOLcGP6dWReTe8X4N-lOfYcE2-urHwyW4",
    "created_at": "2022-12-23T09:43:12.606Z",
    "expires_at": "2022-12-25T09:43:12Z"
  }
},
{
  "model": "token_blacklist.outstandingtoken",
  "pk": 3,
  "fields": {
    "user": 2,
    "jti": "b5111b1dc6304d25b04ed73b0fd65ff0",
    "token": "eyJhbGciOiJIUzI1NiIsInR5cCI6IkpXVCJ9.eyJ0b2tlbl90eXBlIjoicmVmcmVzaCIsImV4cCI6MTY3MTk4MzI1MSwiaWF0IjoxNjcxODEwNDUxLCJqdGkiOiJiNTExMWIxZGM2MzA0ZDI1YjA0ZWQ3M2IwZmQ2NWZmMCIsInVzZXJfaWQiOjJ9.DPI8_A46rV25H1LtzuOoPKrsSceKjSV_mJsamO2Kzlg",
    "created_at": "2022-12-23T15:47:31.157Z",
    "expires_at": "2022-12-25T15:47:31Z"
  }
},
{
  "model": "token_blacklist.outstandingtoken",
  "pk": 4,
  "fields": {
    "user": 1,
    "jti": "1fd85cc387ac46c3b66767c67d2a6de9",
    "token": "eyJhbGciOiJIUzI1NiIsInR5cCI6IkpXVCJ9.eyJ0b2tlbl90eXBlIjoicmVmcmVzaCIsImV4cCI6MTY3MTk4MzQyOCwiaWF0IjoxNjcxODEwNjI4LCJqdGkiOiIxZmQ4NWNjMzg3YWM0NmMzYjY2NzY3YzY3ZDJhNmRlOSIsInVzZXJfaWQiOjF9.yEait0pxW2CeMasdCwLe7emw4yCKU-3wjZIFEl0hSTU",
    "created_at": "2022-12-23T15:50:28.424Z",
    "expires_at": "2022-12-25T15:50:28Z"
  }
},
{
  "model": "token_blacklist.outstandingtoken",
  "pk": 5,
  "fields": {
    "user": 1,
    "jti": "38607383c74a4a0fb7139a25cfeadfaa",
    "token": "eyJhbGciOiJIUzI1NiIsInR5cCI6IkpXVCJ9.eyJ0b2tlbl90eXBlIjoicmVmcmVzaCIsImV4cCI6MTY3MjA0ODcwNiwiaWF0IjoxNjcxODc1OTA2LCJqdGkiOiIzODYwNzM4M2M3NGE0YTBmYjcxMzlhMjVjZmVhZGZhYSIsInVzZXJfaWQiOjF9.go74BtYLsI76wEQATRe4cRt7QJnanRBxM89Y6NdOv6g",
    "created_at": "2022-12-24T09:58:26.076Z",
    "expires_at": "2022-12-26T09:58:26Z"
  }
},
{
  "model": "token_blacklist.outstandingtoken",
  "pk": 6,
  "fields": {
    "user": 3,
    "jti": "532d5932592b4821b5644897bdc95b6d",
    "token": "eyJhbGciOiJIUzI1NiIsInR5cCI6IkpXVCJ9.eyJ0b2tlbl90eXBlIjoicmVmcmVzaCIsImV4cCI6MTY3MjA1MTMyMywiaWF0IjoxNjcxODc4NTIzLCJqdGkiOiI1MzJkNTkzMjU5MmI0ODIxYjU2NDQ4OTdiZGM5NWI2ZCIsInVzZXJfaWQiOjN9.u4eKZZfuXflJCxZaeDA7Cr_aKRXfE7LF8mlFzbxuymw",
    "created_at": "2022-12-24T10:42:03.093Z",
    "expires_at": "2022-12-26T10:42:03Z"
  }
},
{
  "model": "token_blacklist.outstandingtoken",
  "pk": 7,
  "fields": {
    "user": 1,
    "jti": "dbc432f6bd744e018bc429463c68ca27",
    "token": "eyJhbGciOiJIUzI1NiIsInR5cCI6IkpXVCJ9.eyJ0b2tlbl90eXBlIjoicmVmcmVzaCIsImV4cCI6MTY3MjA1ODk3NCwiaWF0IjoxNjcxODg2MTc0LCJqdGkiOiJkYmM0MzJmNmJkNzQ0ZTAxOGJjNDI5NDYzYzY4Y2EyNyIsInVzZXJfaWQiOjF9.dkXFSr6_tD4ocfgnsdjjoanEUirQYL5FPv_9OlGD4ks",
    "created_at": "2022-12-24T12:49:34.785Z",
    "expires_at": "2022-12-26T12:49:34Z"
  }
},
{
  "model": "token_blacklist.outstandingtoken",
  "pk": 8,
  "fields": {
    "user": 3,
    "jti": "dfd17d78935843a39bf612e7e4b01b3c",
    "token": "eyJhbGciOiJIUzI1NiIsInR5cCI6IkpXVCJ9.eyJ0b2tlbl90eXBlIjoicmVmcmVzaCIsImV4cCI6MTY3MjA1OTUwMCwiaWF0IjoxNjcxODg2NzAwLCJqdGkiOiJkZmQxN2Q3ODkzNTg0M2EzOWJmNjEyZTdlNGIwMWIzYyIsInVzZXJfaWQiOjN9.3Joex0jWHKOtGBjKcGO2D_TsnXGvUBLDVZajCCofQ94",
    "created_at": "2022-12-24T12:58:20.990Z",
    "expires_at": "2022-12-26T12:58:20Z"
  }
},
{
  "model": "token_blacklist.outstandingtoken",
  "pk": 9,
  "fields": {
    "user": 1,
    "jti": "c0dc6f1b90354f15a0cb28d3ab259ced",
    "token": "eyJhbGciOiJIUzI1NiIsInR5cCI6IkpXVCJ9.eyJ0b2tlbl90eXBlIjoicmVmcmVzaCIsImV4cCI6MTY3MjA3MjgwOSwiaWF0IjoxNjcxOTAwMDA5LCJqdGkiOiJjMGRjNmYxYjkwMzU0ZjE1YTBjYjI4ZDNhYjI1OWNlZCIsInVzZXJfaWQiOjF9.LyfYfQTzC0a-U_D5B7gdbSlKz6VxT_LwznW4r4VuKww",
    "created_at": "2022-12-24T16:40:09.715Z",
    "expires_at": "2022-12-26T16:40:09Z"
  }
},
{
  "model": "token_blacklist.outstandingtoken",
  "pk": 10,
  "fields": {
    "user": 1,
    "jti": "a9edf7e646234724be0da782fc0c0ace",
    "token": "eyJhbGciOiJIUzI1NiIsInR5cCI6IkpXVCJ9.eyJ0b2tlbl90eXBlIjoicmVmcmVzaCIsImV4cCI6MTY3MjA3Mjg0MywiaWF0IjoxNjcxOTAwMDQzLCJqdGkiOiJhOWVkZjdlNjQ2MjM0NzI0YmUwZGE3ODJmYzBjMGFjZSIsInVzZXJfaWQiOjF9.gXGYJCnd1EkE4MOr6dKssqB2y5aPulCz-MKP8UZmNk8",
    "created_at": "2022-12-24T16:40:43.669Z",
    "expires_at": "2022-12-26T16:40:43Z"
  }
},
{
  "model": "token_blacklist.outstandingtoken",
  "pk": 11,
  "fields": {
    "user": 1,
    "jti": "095d67c832594199b14e586c66aae0f0",
    "token": "eyJhbGciOiJIUzI1NiIsInR5cCI6IkpXVCJ9.eyJ0b2tlbl90eXBlIjoicmVmcmVzaCIsImV4cCI6MTY3MjA3MjkyMCwiaWF0IjoxNjcxOTAwMTIwLCJqdGkiOiIwOTVkNjdjODMyNTk0MTk5YjE0ZTU4NmM2NmFhZTBmMCIsInVzZXJfaWQiOjF9.Z0ccGg4yxxoply-8Uu98FeO_OZJJrB8RxVueQCHBVRU",
    "created_at": "2022-12-24T16:42:00.320Z",
    "expires_at": "2022-12-26T16:42:00Z"
  }
},
{
  "model": "token_blacklist.outstandingtoken",
  "pk": 12,
  "fields": {
    "user": 1,
    "jti": "25e8b5be30134c4c932bd7fd44459d05",
    "token": "eyJhbGciOiJIUzI1NiIsInR5cCI6IkpXVCJ9.eyJ0b2tlbl90eXBlIjoicmVmcmVzaCIsImV4cCI6MTY3MjA3MzAzNiwiaWF0IjoxNjcxOTAwMjM2LCJqdGkiOiIyNWU4YjViZTMwMTM0YzRjOTMyYmQ3ZmQ0NDQ1OWQwNSIsInVzZXJfaWQiOjF9.huqJOWmJ0oNfoLn-heMJGPK1OldAqISs9UookwO20sM",
    "created_at": "2022-12-24T16:43:56.541Z",
    "expires_at": "2022-12-26T16:43:56Z"
  }
},
{
  "model": "token_blacklist.outstandingtoken",
  "pk": 13,
  "fields": {
    "user": 1,
    "jti": "e34573adf4b944948944232d287acba8",
    "token": "eyJhbGciOiJIUzI1NiIsInR5cCI6IkpXVCJ9.eyJ0b2tlbl90eXBlIjoicmVmcmVzaCIsImV4cCI6MTY3MjA3MzU5NSwiaWF0IjoxNjcxOTAwNzk1LCJqdGkiOiJlMzQ1NzNhZGY0Yjk0NDk0ODk0NDIzMmQyODdhY2JhOCIsInVzZXJfaWQiOjF9.v6CDHOB5VEL6t2dFhRmUUZxQOKsEgggjxxK5P3kVbmo",
    "created_at": "2022-12-24T16:53:15.766Z",
    "expires_at": "2022-12-26T16:53:15Z"
  }
},
{
  "model": "token_blacklist.outstandingtoken",
  "pk": 14,
  "fields": {
    "user": 1,
    "jti": "b935a6db08a8483da9ee0689296c900a",
    "token": "eyJhbGciOiJIUzI1NiIsInR5cCI6IkpXVCJ9.eyJ0b2tlbl90eXBlIjoicmVmcmVzaCIsImV4cCI6MTY3MjA3ODI2MywiaWF0IjoxNjcxOTA1NDYzLCJqdGkiOiJiOTM1YTZkYjA4YTg0ODNkYTllZTA2ODkyOTZjOTAwYSIsInVzZXJfaWQiOjF9.74m-EWdAChFGOjeSx6oz75BvsbIOUP_hSFGhP3SEEjg",
    "created_at": "2022-12-24T18:11:03.946Z",
    "expires_at": "2022-12-26T18:11:03Z"
  }
},
{
  "model": "token_blacklist.outstandingtoken",
  "pk": 15,
  "fields": {
    "user": 1,
    "jti": "07a3ba828828466ba08edf156753e9e7",
    "token": "eyJhbGciOiJIUzI1NiIsInR5cCI6IkpXVCJ9.eyJ0b2tlbl90eXBlIjoicmVmcmVzaCIsImV4cCI6MTY3MjA3ODI3OCwiaWF0IjoxNjcxOTA1NDc4LCJqdGkiOiIwN2EzYmE4Mjg4Mjg0NjZiYTA4ZWRmMTU2NzUzZTllNyIsInVzZXJfaWQiOjF9.J0O-3RMuvCD3rLzmqT5TSjMjiA8znV5at4nyU06hXB4",
    "created_at": "2022-12-24T18:11:18.772Z",
    "expires_at": "2022-12-26T18:11:18Z"
  }
},
{
  "model": "token_blacklist.outstandingtoken",
  "pk": 16,
  "fields": {
    "user": 2,
    "jti": "653ad003d09c4f2a9933f22d3dbfe3a6",
    "token": "eyJhbGciOiJIUzI1NiIsInR5cCI6IkpXVCJ9.eyJ0b2tlbl90eXBlIjoicmVmcmVzaCIsImV4cCI6MTY3MjA3ODU3NiwiaWF0IjoxNjcxOTA1Nzc2LCJqdGkiOiI2NTNhZDAwM2QwOWM0ZjJhOTkzM2YyMmQzZGJmZTNhNiIsInVzZXJfaWQiOjJ9.NF_goluFTiUcly5RT03PefAhf8ZhHUhfDQuxb87NAKI",
    "created_at": "2022-12-24T18:16:16.044Z",
    "expires_at": "2022-12-26T18:16:16Z"
  }
},
{
  "model": "token_blacklist.outstandingtoken",
  "pk": 17,
  "fields": {
    "user": 3,
    "jti": "2696c899fbd24ad0914dbc43593381f5",
    "token": "eyJhbGciOiJIUzI1NiIsInR5cCI6IkpXVCJ9.eyJ0b2tlbl90eXBlIjoicmVmcmVzaCIsImV4cCI6MTY3MjEyNjk5OSwiaWF0IjoxNjcxOTU0MTk5LCJqdGkiOiIyNjk2Yzg5OWZiZDI0YWQwOTE0ZGJjNDM1OTMzODFmNSIsInVzZXJfaWQiOjN9.gIqLagToqldu04096vASIKBiToDXzz08l4IPkQDcEgk",
    "created_at": "2022-12-25T07:43:19.212Z",
    "expires_at": "2022-12-27T07:43:19Z"
  }
},
{
  "model": "token_blacklist.outstandingtoken",
  "pk": 18,
  "fields": {
    "user": 1,
    "jti": "1062516942a04ff4ad39fe79a343cdc4",
    "token": "eyJhbGciOiJIUzI1NiIsInR5cCI6IkpXVCJ9.eyJ0b2tlbl90eXBlIjoicmVmcmVzaCIsImV4cCI6MTY3MjEyOTUyMSwiaWF0IjoxNjcxOTU2NzIxLCJqdGkiOiIxMDYyNTE2OTQyYTA0ZmY0YWQzOWZlNzlhMzQzY2RjNCIsInVzZXJfaWQiOjF9.jQTvmh4QtU99dxUkcDrMA_8X6f132_4XdahEmk-WcBQ",
    "created_at": "2022-12-25T08:25:21.190Z",
    "expires_at": "2022-12-27T08:25:21Z"
  }
},
{
  "model": "token_blacklist.outstandingtoken",
  "pk": 19,
  "fields": {
    "user": 3,
    "jti": "6c703124c9f94c8592b9cd7dea239ed3",
    "token": "eyJhbGciOiJIUzI1NiIsInR5cCI6IkpXVCJ9.eyJ0b2tlbl90eXBlIjoicmVmcmVzaCIsImV4cCI6MTY3MjEyOTU2NCwiaWF0IjoxNjcxOTU2NzY0LCJqdGkiOiI2YzcwMzEyNGM5Zjk0Yzg1OTJiOWNkN2RlYTIzOWVkMyIsInVzZXJfaWQiOjN9.DgEefIazmoYFSpTJbmMuEFHrEH5CW6sVs6FoQ21t3gE",
    "created_at": "2022-12-25T08:26:04.045Z",
    "expires_at": "2022-12-27T08:26:04Z"
  }
},
{
  "model": "token_blacklist.outstandingtoken",
  "pk": 20,
  "fields": {
    "user": 1,
    "jti": "aeb1de380ef345268301cda5d7a7ebba",
    "token": "eyJhbGciOiJIUzI1NiIsInR5cCI6IkpXVCJ9.eyJ0b2tlbl90eXBlIjoicmVmcmVzaCIsImV4cCI6MTY3MjEzMDQyMiwiaWF0IjoxNjcxOTU3NjIyLCJqdGkiOiJhZWIxZGUzODBlZjM0NTI2ODMwMWNkYTVkN2E3ZWJiYSIsInVzZXJfaWQiOjF9.zAl1OfD9PFL9wo30jORr2jiB8fdantNiNa3CW0nEPWI",
    "created_at": "2022-12-25T08:40:22.943Z",
    "expires_at": "2022-12-27T08:40:22Z"
  }
},
{
  "model": "token_blacklist.outstandingtoken",
  "pk": 21,
  "fields": {
    "user": 3,
    "jti": "250457cd120c4e3d86f6a59414bd9c56",
    "token": "eyJhbGciOiJIUzI1NiIsInR5cCI6IkpXVCJ9.eyJ0b2tlbl90eXBlIjoicmVmcmVzaCIsImV4cCI6MTY3MjEzMDY0MCwiaWF0IjoxNjcxOTU3ODQwLCJqdGkiOiIyNTA0NTdjZDEyMGM0ZTNkODZmNmE1OTQxNGJkOWM1NiIsInVzZXJfaWQiOjN9.v9Vh2yfW_dBekjUSNixN9XepMSfAGTP4Rs7JMPKLLFA",
    "created_at": "2022-12-25T08:44:00.666Z",
    "expires_at": "2022-12-27T08:44:00Z"
  }
},
{
  "model": "token_blacklist.outstandingtoken",
  "pk": 22,
  "fields": {
    "user": 4,
    "jti": "37e6837c017f40c7a8ef70030ee59ea4",
    "token": "eyJhbGciOiJIUzI1NiIsInR5cCI6IkpXVCJ9.eyJ0b2tlbl90eXBlIjoicmVmcmVzaCIsImV4cCI6MTY3MjEzMDcxMywiaWF0IjoxNjcxOTU3OTEzLCJqdGkiOiIzN2U2ODM3YzAxN2Y0MGM3YThlZjcwMDMwZWU1OWVhNCIsInVzZXJfaWQiOjR9.iBiCyLi0T5wc-gGA8Sdb_eIo8253t_s9draRyiBi11o",
    "created_at": "2022-12-25T08:45:13.643Z",
    "expires_at": "2022-12-27T08:45:13Z"
  }
},
{
  "model": "token_blacklist.outstandingtoken",
  "pk": 23,
  "fields": {
    "user": 4,
    "jti": "476e0bccaed64baf9c8c8ee0f8e18b05",
    "token": "eyJhbGciOiJIUzI1NiIsInR5cCI6IkpXVCJ9.eyJ0b2tlbl90eXBlIjoicmVmcmVzaCIsImV4cCI6MTY3MjEzNjY1NSwiaWF0IjoxNjcxOTYzODU1LCJqdGkiOiI0NzZlMGJjY2FlZDY0YmFmOWM4YzhlZTBmOGUxOGIwNSIsInVzZXJfaWQiOjR9.0vwO9e60m3m2A0FyFt6qflK-03GmYp4rBzKDx1kAoa8",
    "created_at": "2022-12-25T10:24:15.147Z",
    "expires_at": "2022-12-27T10:24:15Z"
  }
},
{
  "model": "token_blacklist.outstandingtoken",
  "pk": 24,
  "fields": {
    "user": 4,
    "jti": "944313d033594d40b2697b623ee07458",
    "token": "eyJhbGciOiJIUzI1NiIsInR5cCI6IkpXVCJ9.eyJ0b2tlbl90eXBlIjoicmVmcmVzaCIsImV4cCI6MTY3MjEzNjY3MSwiaWF0IjoxNjcxOTYzODcxLCJqdGkiOiI5NDQzMTNkMDMzNTk0ZDQwYjI2OTdiNjIzZWUwNzQ1OCIsInVzZXJfaWQiOjR9.Es5ctk82ZgqJvH-Gu1K852zTxt6J0Fs44-2ScALqvMw",
    "created_at": "2022-12-25T10:24:31.484Z",
    "expires_at": "2022-12-27T10:24:31Z"
  }
},
{
  "model": "token_blacklist.outstandingtoken",
  "pk": 25,
  "fields": {
    "user": 3,
    "jti": "609c3da0d0214967b767c7cdbabebb5e",
    "token": "eyJhbGciOiJIUzI1NiIsInR5cCI6IkpXVCJ9.eyJ0b2tlbl90eXBlIjoicmVmcmVzaCIsImV4cCI6MTY3MjE1MTk5MCwiaWF0IjoxNjcxOTc5MTkwLCJqdGkiOiI2MDljM2RhMGQwMjE0OTY3Yjc2N2M3Y2RiYWJlYmI1ZSIsInVzZXJfaWQiOjN9.esOOlJpu-UUsqQBvnE7bAZtr-NXQLSUXdaQgWLkVuK0",
    "created_at": "2022-12-25T14:39:50.793Z",
    "expires_at": "2022-12-27T14:39:50Z"
  }
},
{
  "model": "token_blacklist.outstandingtoken",
  "pk": 26,
  "fields": {
    "user": 1,
    "jti": "d637e5ef6f3648709a49568777dfa7e1",
    "token": "eyJhbGciOiJIUzI1NiIsInR5cCI6IkpXVCJ9.eyJ0b2tlbl90eXBlIjoicmVmcmVzaCIsImV4cCI6MTY3MjE2MDcxMSwiaWF0IjoxNjcxOTg3OTExLCJqdGkiOiJkNjM3ZTVlZjZmMzY0ODcwOWE0OTU2ODc3N2RmYTdlMSIsInVzZXJfaWQiOjF9.ZHO51awOuocQAxTRvbFIHtMXej278dMX0HjMZLWzaWM",
    "created_at": "2022-12-25T17:05:11.760Z",
    "expires_at": "2022-12-27T17:05:11Z"
  }
},
{
  "model": "token_blacklist.outstandingtoken",
  "pk": 27,
  "fields": {
    "user": 1,
    "jti": "a7c125d00bf84b60a9da3ba89c5e5c31",
    "token": "eyJhbGciOiJIUzI1NiIsInR5cCI6IkpXVCJ9.eyJ0b2tlbl90eXBlIjoicmVmcmVzaCIsImV4cCI6MTY3MjIzNzMwNSwiaWF0IjoxNjcyMDY0NTA1LCJqdGkiOiJhN2MxMjVkMDBiZjg0YjYwYTlkYTNiYTg5YzVlNWMzMSIsInVzZXJfaWQiOjF9.BghZXNLwSlqrtR1iTrmOjukBU8ALJ6p9vkWPvGWS_R0",
    "created_at": "2022-12-26T14:21:45.320Z",
    "expires_at": "2022-12-28T14:21:45Z"
  }
},
{
  "model": "token_blacklist.outstandingtoken",
  "pk": 28,
  "fields": {
    "user": 1,
    "jti": "1e6462b392be4335adf86e6454e814d9",
    "token": "eyJhbGciOiJIUzI1NiIsInR5cCI6IkpXVCJ9.eyJ0b2tlbl90eXBlIjoicmVmcmVzaCIsImV4cCI6MTY3MjIzNzQ0NSwiaWF0IjoxNjcyMDY0NjQ1LCJqdGkiOiIxZTY0NjJiMzkyYmU0MzM1YWRmODZlNjQ1NGU4MTRkOSIsInVzZXJfaWQiOjF9.OjqOaLJbrI5FnJmzwNJKj7NIq3TocT7avjr5tbR-FiU",
    "created_at": "2022-12-26T14:24:05.264Z",
    "expires_at": "2022-12-28T14:24:05Z"
  }
},
{
  "model": "token_blacklist.outstandingtoken",
  "pk": 29,
  "fields": {
    "user": 1,
    "jti": "ae5067107260449197bf18d563a640ab",
    "token": "eyJhbGciOiJIUzI1NiIsInR5cCI6IkpXVCJ9.eyJ0b2tlbl90eXBlIjoicmVmcmVzaCIsImV4cCI6MTY3MjIzNzcxMCwiaWF0IjoxNjcyMDY0OTEwLCJqdGkiOiJhZTUwNjcxMDcyNjA0NDkxOTdiZjE4ZDU2M2E2NDBhYiIsInVzZXJfaWQiOjF9.lBrFHJFSIhDly2cQAmmxGjy1xnYBt28LzwvEESwwPZk",
    "created_at": "2022-12-26T14:28:30.885Z",
    "expires_at": "2022-12-28T14:28:30Z"
  }
},
{
  "model": "token_blacklist.outstandingtoken",
  "pk": 30,
  "fields": {
    "user": 2,
    "jti": "3bea5fe5547e4a6e81d849a3e1aa0cf4",
    "token": "eyJhbGciOiJIUzI1NiIsInR5cCI6IkpXVCJ9.eyJ0b2tlbl90eXBlIjoicmVmcmVzaCIsImV4cCI6MTY3MjIzNzc0MiwiaWF0IjoxNjcyMDY0OTQyLCJqdGkiOiIzYmVhNWZlNTU0N2U0YTZlODFkODQ5YTNlMWFhMGNmNCIsInVzZXJfaWQiOjJ9.vSRh2PyXu_RyJFSxppI1WbvljH_73gVUHqLvdwCp7Z4",
    "created_at": "2022-12-26T14:29:02.578Z",
    "expires_at": "2022-12-28T14:29:02Z"
  }
},
{
  "model": "token_blacklist.outstandingtoken",
  "pk": 31,
  "fields": {
    "user": 1,
    "jti": "ef8d22dbdc0d4979be2979cec9881696",
    "token": "eyJhbGciOiJIUzI1NiIsInR5cCI6IkpXVCJ9.eyJ0b2tlbl90eXBlIjoicmVmcmVzaCIsImV4cCI6MTY3MjI0MTY3NCwiaWF0IjoxNjcyMDY4ODc0LCJqdGkiOiJlZjhkMjJkYmRjMGQ0OTc5YmUyOTc5Y2VjOTg4MTY5NiIsInVzZXJfaWQiOjF9.GtzmvGLzxr2BzgHNZP_QEZspFQ5T_2i5yG6qQndQ8ho",
    "created_at": "2022-12-26T15:34:34.365Z",
    "expires_at": "2022-12-28T15:34:34Z"
  }
},
{
  "model": "token_blacklist.outstandingtoken",
  "pk": 32,
  "fields": {
    "user": 3,
    "jti": "e8916bdf18034ebfbccd896b0999b45f",
    "token": "eyJhbGciOiJIUzI1NiIsInR5cCI6IkpXVCJ9.eyJ0b2tlbl90eXBlIjoicmVmcmVzaCIsImV4cCI6MTY3MjMyNjg4MiwiaWF0IjoxNjcyMTU0MDgyLCJqdGkiOiJlODkxNmJkZjE4MDM0ZWJmYmNjZDg5NmIwOTk5YjQ1ZiIsInVzZXJfaWQiOjN9.dGIoZf0pCHs9lobEjEsVEEVxmoTnw8qULiYZUePzY_A",
    "created_at": "2022-12-27T15:14:42.201Z",
    "expires_at": "2022-12-29T15:14:42Z"
  }
},
{
  "model": "token_blacklist.outstandingtoken",
  "pk": 33,
  "fields": {
    "user": 2,
    "jti": "ef0aa871967a42dc943a4b43bbe8fc74",
    "token": "eyJhbGciOiJIUzI1NiIsInR5cCI6IkpXVCJ9.eyJ0b2tlbl90eXBlIjoicmVmcmVzaCIsImV4cCI6MTY3MjMyNjg5OCwiaWF0IjoxNjcyMTU0MDk4LCJqdGkiOiJlZjBhYTg3MTk2N2E0MmRjOTQzYTRiNDNiYmU4ZmM3NCIsInVzZXJfaWQiOjJ9.TKNJAl0QEOy8Z_-1I0RhhEzwku3zDRRA-lhKuf9_o7U",
    "created_at": "2022-12-27T15:14:58.377Z",
    "expires_at": "2022-12-29T15:14:58Z"
  }
},
{
  "model": "token_blacklist.outstandingtoken",
  "pk": 34,
  "fields": {
    "user": 3,
    "jti": "16944725402143959bdb3845231d9f70",
    "token": "eyJhbGciOiJIUzI1NiIsInR5cCI6IkpXVCJ9.eyJ0b2tlbl90eXBlIjoicmVmcmVzaCIsImV4cCI6MTY3MjMyNjk5MCwiaWF0IjoxNjcyMTU0MTkwLCJqdGkiOiIxNjk0NDcyNTQwMjE0Mzk1OWJkYjM4NDUyMzFkOWY3MCIsInVzZXJfaWQiOjN9.niq8cG40MMKwj1evK9Uk_WgA2fa_3Jr5V-BtBPkvPfA",
    "created_at": "2022-12-27T15:16:30.670Z",
    "expires_at": "2022-12-29T15:16:30Z"
  }
},
{
  "model": "token_blacklist.outstandingtoken",
  "pk": 35,
  "fields": {
    "user": 2,
    "jti": "08e790922f6e4743a5a251b5b9c411c9",
    "token": "eyJhbGciOiJIUzI1NiIsInR5cCI6IkpXVCJ9.eyJ0b2tlbl90eXBlIjoicmVmcmVzaCIsImV4cCI6MTY3MjMyNzA1MCwiaWF0IjoxNjcyMTU0MjUwLCJqdGkiOiIwOGU3OTA5MjJmNmU0NzQzYTVhMjUxYjViOWM0MTFjOSIsInVzZXJfaWQiOjJ9.sx9_cCINJwb4M6SLk0jKIl_E_gClNZTXoKeMLRfTQFY",
    "created_at": "2022-12-27T15:17:30.767Z",
    "expires_at": "2022-12-29T15:17:30Z"
  }
},
{
  "model": "token_blacklist.outstandingtoken",
  "pk": 36,
  "fields": {
    "user": 3,
    "jti": "6adf19528d734fe3b7c1c8316825d26a",
    "token": "eyJhbGciOiJIUzI1NiIsInR5cCI6IkpXVCJ9.eyJ0b2tlbl90eXBlIjoicmVmcmVzaCIsImV4cCI6MTY3MjMzMjY5MywiaWF0IjoxNjcyMTU5ODkzLCJqdGkiOiI2YWRmMTk1MjhkNzM0ZmUzYjdjMWM4MzE2ODI1ZDI2YSIsInVzZXJfaWQiOjN9.b29lbHXMlFKBfb32V4R-dmskCihAXMjvnl4EKP0fecg",
    "created_at": "2022-12-27T16:51:33.973Z",
    "expires_at": "2022-12-29T16:51:33Z"
  }
},
{
  "model": "token_blacklist.outstandingtoken",
  "pk": 37,
  "fields": {
    "user": 1,
    "jti": "041f773dba8641bf8fb8ef2a7a9999b6",
    "token": "eyJhbGciOiJIUzI1NiIsInR5cCI6IkpXVCJ9.eyJ0b2tlbl90eXBlIjoicmVmcmVzaCIsImV4cCI6MTY3MjMzMjc0MiwiaWF0IjoxNjcyMTU5OTQyLCJqdGkiOiIwNDFmNzczZGJhODY0MWJmOGZiOGVmMmE3YTk5OTliNiIsInVzZXJfaWQiOjF9.NPsDlDjAnGMblLuL_2m-60CE1ERNOJonhIqQjOHTJoo",
    "created_at": "2022-12-27T16:52:22.671Z",
    "expires_at": "2022-12-29T16:52:22Z"
  }
},
{
  "model": "token_blacklist.outstandingtoken",
  "pk": 38,
  "fields": {
    "user": 3,
    "jti": "73e3ccc50f074afdbb2b8f7ba3b5eda1",
    "token": "eyJhbGciOiJIUzI1NiIsInR5cCI6IkpXVCJ9.eyJ0b2tlbl90eXBlIjoicmVmcmVzaCIsImV4cCI6MTY3MjQ3NDA0MCwiaWF0IjoxNjcyMzAxMjQwLCJqdGkiOiI3M2UzY2NjNTBmMDc0YWZkYmIyYjhmN2JhM2I1ZWRhMSIsInVzZXJfaWQiOjN9.vGeSdBC-7RgOG8GzRBR5gTPzu6Sh18DJQDqMrC9qbh0",
    "created_at": "2022-12-29T08:07:20.742Z",
    "expires_at": "2022-12-31T08:07:20Z"
  }
},
{
  "model": "token_blacklist.outstandingtoken",
  "pk": 39,
  "fields": {
    "user": 3,
    "jti": "a952573536b14ea5bbe56b75da76f607",
    "token": "eyJhbGciOiJIUzI1NiIsInR5cCI6IkpXVCJ9.eyJ0b2tlbl90eXBlIjoicmVmcmVzaCIsImV4cCI6MTY3MjQ3NDIyNywiaWF0IjoxNjcyMzAxNDI3LCJqdGkiOiJhOTUyNTczNTM2YjE0ZWE1YmJlNTZiNzVkYTc2ZjYwNyIsInVzZXJfaWQiOjN9.ubLmvf5lQmBTncotIMKObGUKcAKfPTdaPyzK2-mC6mw",
    "created_at": "2022-12-29T08:10:27.101Z",
    "expires_at": "2022-12-31T08:10:27Z"
  }
},
{
  "model": "token_blacklist.outstandingtoken",
  "pk": 40,
  "fields": {
    "user": 3,
    "jti": "489e377fc6be4b05a3c7506a1fa8c94c",
    "token": "eyJhbGciOiJIUzI1NiIsInR5cCI6IkpXVCJ9.eyJ0b2tlbl90eXBlIjoicmVmcmVzaCIsImV4cCI6MTY3MjQ3NDMwNSwiaWF0IjoxNjcyMzAxNTA1LCJqdGkiOiI0ODllMzc3ZmM2YmU0YjA1YTNjNzUwNmExZmE4Yzk0YyIsInVzZXJfaWQiOjN9.1uZb79yzscmO0LRAjG2m2xPxhLzsHslPkZVghgw4x7E",
    "created_at": "2022-12-29T08:11:45.199Z",
    "expires_at": "2022-12-31T08:11:45Z"
  }
},
{
  "model": "token_blacklist.outstandingtoken",
  "pk": 41,
  "fields": {
    "user": 3,
    "jti": "51f0a000725740b09acb5729271a1d98",
    "token": "eyJhbGciOiJIUzI1NiIsInR5cCI6IkpXVCJ9.eyJ0b2tlbl90eXBlIjoicmVmcmVzaCIsImV4cCI6MTY3MjQ3NDQ2MCwiaWF0IjoxNjcyMzAxNjYwLCJqdGkiOiI1MWYwYTAwMDcyNTc0MGIwOWFjYjU3MjkyNzFhMWQ5OCIsInVzZXJfaWQiOjN9.038V4AeNjww69XjezBZKhgxDQXr4ESRwt4F3W9m6lMY",
    "created_at": "2022-12-29T08:14:20.218Z",
    "expires_at": "2022-12-31T08:14:20Z"
  }
},
{
  "model": "token_blacklist.outstandingtoken",
  "pk": 42,
  "fields": {
    "user": 3,
    "jti": "50caf8d5e583480987574c4fb02eae48",
    "token": "eyJhbGciOiJIUzI1NiIsInR5cCI6IkpXVCJ9.eyJ0b2tlbl90eXBlIjoicmVmcmVzaCIsImV4cCI6MTY3MjQ3NDU4MSwiaWF0IjoxNjcyMzAxNzgxLCJqdGkiOiI1MGNhZjhkNWU1ODM0ODA5ODc1NzRjNGZiMDJlYWU0OCIsInVzZXJfaWQiOjN9.hETjFrPBa_tCGeLDLGENxmhHS9nLx5GtBqoG-gXshGU",
    "created_at": "2022-12-29T08:16:21.702Z",
    "expires_at": "2022-12-31T08:16:21Z"
  }
},
{
  "model": "token_blacklist.outstandingtoken",
  "pk": 43,
  "fields": {
    "user": 3,
    "jti": "a2bb4f65090b41fe8c52a6d55500a79f",
    "token": "eyJhbGciOiJIUzI1NiIsInR5cCI6IkpXVCJ9.eyJ0b2tlbl90eXBlIjoicmVmcmVzaCIsImV4cCI6MTY3MjQ3NDc3MywiaWF0IjoxNjcyMzAxOTczLCJqdGkiOiJhMmJiNGY2NTA5MGI0MWZlOGM1MmE2ZDU1NTAwYTc5ZiIsInVzZXJfaWQiOjN9.4KEwGOh3zGda1MtAvHnFzpCXAFKPpf3PWk0W5DKltTw",
    "created_at": "2022-12-29T08:19:33.132Z",
    "expires_at": "2022-12-31T08:19:33Z"
  }
},
{
  "model": "token_blacklist.outstandingtoken",
  "pk": 44,
  "fields": {
    "user": 1,
    "jti": "5bdf6691449b41318f64f62d15dfdd1b",
    "token": "eyJhbGciOiJIUzI1NiIsInR5cCI6IkpXVCJ9.eyJ0b2tlbl90eXBlIjoicmVmcmVzaCIsImV4cCI6MTY3MjQ3Njc5NCwiaWF0IjoxNjcyMzAzOTk0LCJqdGkiOiI1YmRmNjY5MTQ0OWI0MTMxOGY2NGY2MmQxNWRmZGQxYiIsInVzZXJfaWQiOjF9.Evd_WXLQX8Ljc5XwlPpJRAayl6uJsWbx-iRSBrGDI3A",
    "created_at": "2022-12-29T08:53:14.564Z",
    "expires_at": "2022-12-31T08:53:14Z"
  }
},
{
  "model": "token_blacklist.outstandingtoken",
  "pk": 45,
  "fields": {
    "user": 1,
    "jti": "118a13aad6c740a9830ffc4f62e4c2a7",
    "token": "eyJhbGciOiJIUzI1NiIsInR5cCI6IkpXVCJ9.eyJ0b2tlbl90eXBlIjoicmVmcmVzaCIsImV4cCI6MTY3MjU4NTk5NSwiaWF0IjoxNjcyNDEzMTk1LCJqdGkiOiIxMThhMTNhYWQ2Yzc0MGE5ODMwZmZjNGY2MmU0YzJhNyIsInVzZXJfaWQiOjF9.OP_6_bMQBgiTNFeBDTf7AoKXUQKQ3j0Kjlr78D5cPzU",
    "created_at": "2022-12-30T15:13:15.641Z",
    "expires_at": "2023-01-01T15:13:15Z"
  }
},
{
  "model": "token_blacklist.outstandingtoken",
  "pk": 46,
  "fields": {
    "user": 1,
    "jti": "685f7e8b8cfe4098b361eac096b7b260",
    "token": "eyJhbGciOiJIUzI1NiIsInR5cCI6IkpXVCJ9.eyJ0b2tlbl90eXBlIjoicmVmcmVzaCIsImV4cCI6MTY3MzI1MjQ3OCwiaWF0IjoxNjczMDc5Njc4LCJqdGkiOiI2ODVmN2U4YjhjZmU0MDk4YjM2MWVhYzA5NmI3YjI2MCIsInVzZXJfaWQiOjF9.qJ9ypHa5m-mEid4ozABMCwpJhSYrKlA4P_PKYSze1UM",
    "created_at": "2023-01-07T08:21:18.641Z",
    "expires_at": "2023-01-09T08:21:18Z"
  }
},
{
  "model": "token_blacklist.outstandingtoken",
  "pk": 47,
  "fields": {
    "user": 1,
    "jti": "75ad4ee1140f4d43b1680efb96297a13",
    "token": "eyJhbGciOiJIUzI1NiIsInR5cCI6IkpXVCJ9.eyJ0b2tlbl90eXBlIjoicmVmcmVzaCIsImV4cCI6MTY3MzM0MzQ5OCwiaWF0IjoxNjczMTcwNjk4LCJqdGkiOiI3NWFkNGVlMTE0MGY0ZDQzYjE2ODBlZmI5NjI5N2ExMyIsInVzZXJfaWQiOjF9.0MBXgkIQntQ67W9FyP20xX2enOVx2WS0bwaMVV16VfM",
    "created_at": "2023-01-08T09:38:18.108Z",
    "expires_at": "2023-01-10T09:38:18Z"
  }
},
{
  "model": "token_blacklist.outstandingtoken",
  "pk": 48,
  "fields": {
    "user": 4,
    "jti": "8ab9e52a28c94402a01115d04e83af87",
    "token": "eyJhbGciOiJIUzI1NiIsInR5cCI6IkpXVCJ9.eyJ0b2tlbl90eXBlIjoicmVmcmVzaCIsImV4cCI6MTY3MzM1OTMyNiwiaWF0IjoxNjczMTg2NTI2LCJqdGkiOiI4YWI5ZTUyYTI4Yzk0NDAyYTAxMTE1ZDA0ZTgzYWY4NyIsInVzZXJfaWQiOjR9.QB9nI6rF9nDqo94nxccWnsqaoncxPeEk22L6AMCXL1g",
    "created_at": "2023-01-08T14:02:06.268Z",
    "expires_at": "2023-01-10T14:02:06Z"
  }
},
{
  "model": "token_blacklist.outstandingtoken",
  "pk": 49,
  "fields": {
    "user": 1,
    "jti": "24431ea716a1443590f765183e980c17",
    "token": "eyJhbGciOiJIUzI1NiIsInR5cCI6IkpXVCJ9.eyJ0b2tlbl90eXBlIjoicmVmcmVzaCIsImV4cCI6MTY3MzQxNTY5NCwiaWF0IjoxNjczMjQyODk0LCJqdGkiOiIyNDQzMWVhNzE2YTE0NDM1OTBmNzY1MTgzZTk4MGMxNyIsInVzZXJfaWQiOjF9.2dFBJ36dJloaDIF6aabaCZMv9SFMqa6qHkxZMMe_hNs",
    "created_at": "2023-01-09T05:41:34.643Z",
    "expires_at": "2023-01-11T05:41:34Z"
  }
},
{
  "model": "token_blacklist.outstandingtoken",
  "pk": 50,
  "fields": {
    "user": 1,
    "jti": "7aad6d1ea79042978e8a7d9905c37d76",
    "token": "eyJhbGciOiJIUzI1NiIsInR5cCI6IkpXVCJ9.eyJ0b2tlbl90eXBlIjoicmVmcmVzaCIsImV4cCI6MTY3MzU0NTQ3NSwiaWF0IjoxNjczMzcyNjc1LCJqdGkiOiI3YWFkNmQxZWE3OTA0Mjk3OGU4YTdkOTkwNWMzN2Q3NiIsInVzZXJfaWQiOjF9.9nlZWdL3ZkvehdcFao8qP8oMvWoGjxn7ghhH2VTXu2Q",
    "created_at": "2023-01-10T17:44:35.757Z",
    "expires_at": "2023-01-12T17:44:35Z"
  }
},
{
  "model": "token_blacklist.outstandingtoken",
  "pk": 51,
  "fields": {
    "user": 1,
    "jti": "37f36847968e43ef8604fc6dcd79e830",
    "token": "eyJhbGciOiJIUzI1NiIsInR5cCI6IkpXVCJ9.eyJ0b2tlbl90eXBlIjoicmVmcmVzaCIsImV4cCI6MTY3MzU0NTU1MiwiaWF0IjoxNjczMzcyNzUyLCJqdGkiOiIzN2YzNjg0Nzk2OGU0M2VmODYwNGZjNmRjZDc5ZTgzMCIsInVzZXJfaWQiOjF9.5Mvnpd6FsxaM20v4R86e39KlyNS1bBcBNpSS_49dP7s",
    "created_at": "2023-01-10T17:45:52.213Z",
    "expires_at": "2023-01-12T17:45:52Z"
  }
},
{
  "model": "token_blacklist.outstandingtoken",
  "pk": 52,
  "fields": {
    "user": 1,
    "jti": "fe8cfb8c32be45caa7e86d08211b6e89",
    "token": "eyJhbGciOiJIUzI1NiIsInR5cCI6IkpXVCJ9.eyJ0b2tlbl90eXBlIjoicmVmcmVzaCIsImV4cCI6MTY3MzU0Njc0NCwiaWF0IjoxNjczMzczOTQ0LCJqdGkiOiJmZThjZmI4YzMyYmU0NWNhYTdlODZkMDgyMTFiNmU4OSIsInVzZXJfaWQiOjF9.MdOIUNf_0OwqZyloP1RRXD8x_sihYjJlhj_o7440aPY",
    "created_at": "2023-01-10T18:05:44.132Z",
    "expires_at": "2023-01-12T18:05:44Z"
  }
},
{
  "model": "token_blacklist.outstandingtoken",
  "pk": 53,
  "fields": {
    "user": 1,
    "jti": "0ddef0a3d99a4354acabf1780fde3ae6",
    "token": "eyJhbGciOiJIUzI1NiIsInR5cCI6IkpXVCJ9.eyJ0b2tlbl90eXBlIjoicmVmcmVzaCIsImV4cCI6MTY3MzYwMDA4NSwiaWF0IjoxNjczNDI3Mjg1LCJqdGkiOiIwZGRlZjBhM2Q5OWE0MzU0YWNhYmYxNzgwZmRlM2FlNiIsInVzZXJfaWQiOjF9.0UUwbh3BNx6QNlqJ6JZOapydwqSF-aKrGonTcfHuXWk",
    "created_at": "2023-01-11T08:54:45.510Z",
    "expires_at": "2023-01-13T08:54:45Z"
  }
},
{
  "model": "token_blacklist.outstandingtoken",
  "pk": 54,
  "fields": {
    "user": 1,
    "jti": "69c1d0460a41489fb0a424e37ec09567",
    "token": "eyJhbGciOiJIUzI1NiIsInR5cCI6IkpXVCJ9.eyJ0b2tlbl90eXBlIjoicmVmcmVzaCIsImV4cCI6MTY3MzYwMTA3NCwiaWF0IjoxNjczNDI4Mjc0LCJqdGkiOiI2OWMxZDA0NjBhNDE0ODlmYjBhNDI0ZTM3ZWMwOTU2NyIsInVzZXJfaWQiOjF9.cBIDfymbyflOzM8vDjs1Hr8IQizDkILNzNpKLoVhtTY",
    "created_at": "2023-01-11T09:11:14.786Z",
    "expires_at": "2023-01-13T09:11:14Z"
  }
},
{
  "model": "token_blacklist.outstandingtoken",
  "pk": 55,
  "fields": {
    "user": 1,
    "jti": "4e72f9e9e91c4960aa63746dc9c11465",
    "token": "eyJhbGciOiJIUzI1NiIsInR5cCI6IkpXVCJ9.eyJ0b2tlbl90eXBlIjoicmVmcmVzaCIsImV4cCI6MTY3MzYwMjM5MSwiaWF0IjoxNjczNDI5NTkxLCJqdGkiOiI0ZTcyZjllOWU5MWM0OTYwYWE2Mzc0NmRjOWMxMTQ2NSIsInVzZXJfaWQiOjF9.yMe9qCznFuOWUk-i9zwEfPFtmA0Ws1d1Ziys_sszb4E",
    "created_at": "2023-01-11T09:33:11.337Z",
    "expires_at": "2023-01-13T09:33:11Z"
  }
},
{
  "model": "token_blacklist.outstandingtoken",
  "pk": 56,
  "fields": {
    "user": 4,
    "jti": "4c61a6424ef94c3789384da0cfdb6fe8",
    "token": "eyJhbGciOiJIUzI1NiIsInR5cCI6IkpXVCJ9.eyJ0b2tlbl90eXBlIjoicmVmcmVzaCIsImV4cCI6MTY3MzYxNTA3MCwiaWF0IjoxNjczNDQyMjcwLCJqdGkiOiI0YzYxYTY0MjRlZjk0YzM3ODkzODRkYTBjZmRiNmZlOCIsInVzZXJfaWQiOjR9.hBqQNc0z-EdbLFGqYJ3IG38tzILpLjCk-NC8rBbANow",
    "created_at": "2023-01-11T13:04:30.971Z",
    "expires_at": "2023-01-13T13:04:30Z"
  }
},
{
  "model": "token_blacklist.outstandingtoken",
  "pk": 57,
  "fields": {
    "user": 4,
    "jti": "26430e23258348a4a0b4d419f77e1e38",
    "token": "eyJhbGciOiJIUzI1NiIsInR5cCI6IkpXVCJ9.eyJ0b2tlbl90eXBlIjoicmVmcmVzaCIsImV4cCI6MTY3MzY5MTE0NiwiaWF0IjoxNjczNTE4MzQ2LCJqdGkiOiIyNjQzMGUyMzI1ODM0OGE0YTBiNGQ0MTlmNzdlMWUzOCIsInVzZXJfaWQiOjR9.CsA3Bhf4_4bttwGC4uPlqIdqKBT_7GHt_4tjCXnb0qQ",
    "created_at": "2023-01-12T10:12:26.902Z",
    "expires_at": "2023-01-14T10:12:26Z"
  }
},
{
  "model": "token_blacklist.outstandingtoken",
  "pk": 58,
  "fields": {
    "user": 1,
    "jti": "79cb660c263d4de385af95af8202f6b5",
    "token": "eyJhbGciOiJIUzI1NiIsInR5cCI6IkpXVCJ9.eyJ0b2tlbl90eXBlIjoicmVmcmVzaCIsImV4cCI6MTY3MzcwNjA2NywiaWF0IjoxNjczNTMzMjY3LCJqdGkiOiI3OWNiNjYwYzI2M2Q0ZGUzODVhZjk1YWY4MjAyZjZiNSIsInVzZXJfaWQiOjF9.aElcqwjp948Yi5axQW_CD5PvyXHW6mdKa9Z2s96OlBc",
    "created_at": "2023-01-12T14:21:07.278Z",
    "expires_at": "2023-01-14T14:21:07Z"
  }
},
{
  "model": "token_blacklist.outstandingtoken",
  "pk": 59,
  "fields": {
    "user": 1,
    "jti": "7b37c137046646f094e65ccd405d255a",
    "token": "eyJhbGciOiJIUzI1NiIsInR5cCI6IkpXVCJ9.eyJ0b2tlbl90eXBlIjoicmVmcmVzaCIsImV4cCI6MTY3Mzc5NDcwMSwiaWF0IjoxNjczNjIxOTAxLCJqdGkiOiI3YjM3YzEzNzA0NjY0NmYwOTRlNjVjY2Q0MDVkMjU1YSIsInVzZXJfaWQiOjF9.sKxCt6v1j01_fYnJ-z3KGSduMd1yGwn98_9tM0VP9uM",
    "created_at": "2023-01-13T14:58:21.915Z",
    "expires_at": "2023-01-15T14:58:21Z"
  }
},
{
  "model": "token_blacklist.outstandingtoken",
  "pk": 60,
  "fields": {
    "user": 4,
    "jti": "89f5325c8fc640ba8432564a68ac7b81",
    "token": "eyJhbGciOiJIUzI1NiIsInR5cCI6IkpXVCJ9.eyJ0b2tlbl90eXBlIjoicmVmcmVzaCIsImV4cCI6MTY3Mzg1OTY5OCwiaWF0IjoxNjczNjg2ODk4LCJqdGkiOiI4OWY1MzI1YzhmYzY0MGJhODQzMjU2NGE2OGFjN2I4MSIsInVzZXJfaWQiOjR9.q8PKg9906flN5WY3jQAnxBrDPKkZPXP-AqK5Ke4xFN8",
    "created_at": "2023-01-14T09:01:38.465Z",
    "expires_at": "2023-01-16T09:01:38Z"
  }
},
{
  "model": "token_blacklist.outstandingtoken",
  "pk": 61,
  "fields": {
    "user": 1,
    "jti": "ecf106635879407b9ec3efd978edf2dd",
    "token": "eyJhbGciOiJIUzI1NiIsInR5cCI6IkpXVCJ9.eyJ0b2tlbl90eXBlIjoicmVmcmVzaCIsImV4cCI6MTY3Mzg2NDc5NywiaWF0IjoxNjczNjkxOTk3LCJqdGkiOiJlY2YxMDY2MzU4Nzk0MDdiOWVjM2VmZDk3OGVkZjJkZCIsInVzZXJfaWQiOjF9.BtChnNAjd5S0PABfZWwdIrU3I27v3clYKeOU5P4kJIY",
    "created_at": "2023-01-14T10:26:37.695Z",
    "expires_at": "2023-01-16T10:26:37Z"
  }
},
{
  "model": "token_blacklist.outstandingtoken",
  "pk": 62,
  "fields": {
    "user": 1,
    "jti": "f140350fbd494bb89b5208d2518d1370",
    "token": "eyJhbGciOiJIUzI1NiIsInR5cCI6IkpXVCJ9.eyJ0b2tlbl90eXBlIjoicmVmcmVzaCIsImV4cCI6MTY3Mzk1MzQxOCwiaWF0IjoxNjczNzgwNjE4LCJqdGkiOiJmMTQwMzUwZmJkNDk0YmI4OWI1MjA4ZDI1MThkMTM3MCIsInVzZXJfaWQiOjF9.VrMO2h-0J_5GG1bB9L2h2lf1U9Xn3D6ReqVCn-A07Ck",
    "created_at": "2023-01-15T11:03:38.494Z",
    "expires_at": "2023-01-17T11:03:38Z"
  }
},
{
  "model": "token_blacklist.outstandingtoken",
  "pk": 63,
  "fields": {
    "user": 1,
    "jti": "9fa38e7af8e84eb4ae474dda68ba50fa",
    "token": "eyJhbGciOiJIUzI1NiIsInR5cCI6IkpXVCJ9.eyJ0b2tlbl90eXBlIjoicmVmcmVzaCIsImV4cCI6MTY3Mzk2NDEyMSwiaWF0IjoxNjczNzkxMzIxLCJqdGkiOiI5ZmEzOGU3YWY4ZTg0ZWI0YWU0NzRkZGE2OGJhNTBmYSIsInVzZXJfaWQiOjF9.eUQBMVlV3VA-qh5HlrCjTujL1-wtYxb-I_9_wKRjRnc",
    "created_at": "2023-01-15T14:02:01.365Z",
    "expires_at": "2023-01-17T14:02:01Z"
  }
},
{
  "model": "token_blacklist.outstandingtoken",
  "pk": 64,
  "fields": {
    "user": 1,
    "jti": "11eb63f9908f4f33bae4185dd0693943",
    "token": "eyJhbGciOiJIUzI1NiIsInR5cCI6IkpXVCJ9.eyJ0b2tlbl90eXBlIjoicmVmcmVzaCIsImV4cCI6MTY3Mzk2NDE1OCwiaWF0IjoxNjczNzkxMzU4LCJqdGkiOiIxMWViNjNmOTkwOGY0ZjMzYmFlNDE4NWRkMDY5Mzk0MyIsInVzZXJfaWQiOjF9.LMT88Zv9woQn5OrJkGKQBKe_tbJi7HgoqDstEOIziyc",
    "created_at": "2023-01-15T14:02:38.313Z",
    "expires_at": "2023-01-17T14:02:38Z"
  }
},
{
  "model": "token_blacklist.outstandingtoken",
  "pk": 65,
  "fields": {
    "user": 2,
    "jti": "67db3c57a73d491b919347a5e2f73416",
    "token": "eyJhbGciOiJIUzI1NiIsInR5cCI6IkpXVCJ9.eyJ0b2tlbl90eXBlIjoicmVmcmVzaCIsImV4cCI6MTY3NDAyMzA2MywiaWF0IjoxNjczODUwMjYzLCJqdGkiOiI2N2RiM2M1N2E3M2Q0OTFiOTE5MzQ3YTVlMmY3MzQxNiIsInVzZXJfaWQiOjJ9.uO2_NzJDqdf8STcwGxKuJccuyozEdLjUBVJyWG5k4VI",
    "created_at": "2023-01-16T06:24:23.694Z",
    "expires_at": "2023-01-18T06:24:23Z"
  }
},
{
  "model": "token_blacklist.outstandingtoken",
  "pk": 66,
  "fields": {
    "user": 3,
    "jti": "9c85d0f8475b436ea285d14e0b6c96d2",
    "token": "eyJhbGciOiJIUzI1NiIsInR5cCI6IkpXVCJ9.eyJ0b2tlbl90eXBlIjoicmVmcmVzaCIsImV4cCI6MTY3NDAyMzE2OSwiaWF0IjoxNjczODUwMzY5LCJqdGkiOiI5Yzg1ZDBmODQ3NWI0MzZlYTI4NWQxNGUwYjZjOTZkMiIsInVzZXJfaWQiOjN9.-EwQACYRh918CzxZ0wq7OIk6IX3E_aiYf2cC6BfgzQc",
    "created_at": "2023-01-16T06:26:09.696Z",
    "expires_at": "2023-01-18T06:26:09Z"
  }
},
{
  "model": "token_blacklist.outstandingtoken",
  "pk": 67,
  "fields": {
    "user": 4,
    "jti": "478e7a317ee842959cdda482310b7e6d",
    "token": "eyJhbGciOiJIUzI1NiIsInR5cCI6IkpXVCJ9.eyJ0b2tlbl90eXBlIjoicmVmcmVzaCIsImV4cCI6MTY3NDAyMzIxMiwiaWF0IjoxNjczODUwNDEyLCJqdGkiOiI0NzhlN2EzMTdlZTg0Mjk1OWNkZGE0ODIzMTBiN2U2ZCIsInVzZXJfaWQiOjR9.rSX3aMXA9ofhHLZx_r7e1hGLwE3tPvQ_t_d19aSw0ME",
    "created_at": "2023-01-16T06:26:52.826Z",
    "expires_at": "2023-01-18T06:26:52Z"
  }
},
{
  "model": "token_blacklist.outstandingtoken",
  "pk": 68,
  "fields": {
    "user": 1,
    "jti": "348817c6049542daa9ae5225be859870",
    "token": "eyJhbGciOiJIUzI1NiIsInR5cCI6IkpXVCJ9.eyJ0b2tlbl90eXBlIjoicmVmcmVzaCIsImV4cCI6MTY3NDAyMzI1OCwiaWF0IjoxNjczODUwNDU4LCJqdGkiOiIzNDg4MTdjNjA0OTU0MmRhYTlhZTUyMjViZTg1OTg3MCIsInVzZXJfaWQiOjF9.PNX60WF8qXHSlIP_7lGkZTqoFNc-f8HVgImeS9UYgOo",
    "created_at": "2023-01-16T06:27:38.453Z",
    "expires_at": "2023-01-18T06:27:38Z"
  }
},
{
  "model": "token_blacklist.outstandingtoken",
  "pk": 69,
  "fields": {
    "user": 1,
    "jti": "d1b4d215b1cc4ce38d5f753202890b72",
    "token": "eyJhbGciOiJIUzI1NiIsInR5cCI6IkpXVCJ9.eyJ0b2tlbl90eXBlIjoicmVmcmVzaCIsImV4cCI6MTY3NDMxMTcxOSwiaWF0IjoxNjc0MTM4OTE5LCJqdGkiOiJkMWI0ZDIxNWIxY2M0Y2UzOGQ1Zjc1MzIwMjg5MGI3MiIsInVzZXJfaWQiOjF9.CK-WpboktEyCRN0KB_8olZ6g_HsOeIx2skV134XPHmg",
    "created_at": "2023-01-19T14:35:19.217Z",
    "expires_at": "2023-01-21T14:35:19Z"
  }
},
{
  "model": "token_blacklist.outstandingtoken",
  "pk": 70,
  "fields": {
    "user": 1,
    "jti": "661310562b8341b1bd2d40a0f460f145",
    "token": "eyJhbGciOiJIUzI1NiIsInR5cCI6IkpXVCJ9.eyJ0b2tlbl90eXBlIjoicmVmcmVzaCIsImV4cCI6MTY3NDQ2NTc0MCwiaWF0IjoxNjc0MjkyOTQwLCJqdGkiOiI2NjEzMTA1NjJiODM0MWIxYmQyZDQwYTBmNDYwZjE0NSIsInVzZXJfaWQiOjF9.KCufZwRsXmIQcHOJ2im2QPrRJN20F_AaP5G6IpfWT8U",
    "created_at": "2023-01-21T09:22:20.447Z",
    "expires_at": "2023-01-23T09:22:20Z"
  }
},
{
  "model": "token_blacklist.outstandingtoken",
  "pk": 71,
  "fields": {
    "user": 1,
    "jti": "6d877d23d6a24e78aa5ab755d8f989b1",
    "token": "eyJhbGciOiJIUzI1NiIsInR5cCI6IkpXVCJ9.eyJ0b2tlbl90eXBlIjoicmVmcmVzaCIsImV4cCI6MTY3NDYzMjkxNCwiaWF0IjoxNjc0NDYwMTE0LCJqdGkiOiI2ZDg3N2QyM2Q2YTI0ZTc4YWE1YWI3NTVkOGY5ODliMSIsInVzZXJfaWQiOjF9.qcgZ3PBoVq4cXCR1ctzxvs_C_Wvzwe3XX5V9nGsLxv4",
    "created_at": "2023-01-23T07:48:34.347Z",
    "expires_at": "2023-01-25T07:48:34Z"
  }
},
{
  "model": "token_blacklist.outstandingtoken",
  "pk": 72,
  "fields": {
    "user": 1,
    "jti": "7190354293904240abe5e2c122164214",
    "token": "eyJhbGciOiJIUzI1NiIsInR5cCI6IkpXVCJ9.eyJ0b2tlbl90eXBlIjoicmVmcmVzaCIsImV4cCI6MTY3NDcyMTA0NCwiaWF0IjoxNjc0NTQ4MjQ0LCJqdGkiOiI3MTkwMzU0MjkzOTA0MjQwYWJlNWUyYzEyMjE2NDIxNCIsInVzZXJfaWQiOjF9.0QpcEF4SSsXU7Q4iNy46dcsV4qxpiUOZCfediAlTHFA",
    "created_at": "2023-01-24T08:17:24.945Z",
    "expires_at": "2023-01-26T08:17:24Z"
  }
},
{
  "model": "token_blacklist.outstandingtoken",
  "pk": 73,
  "fields": {
    "user": 4,
    "jti": "06b4aa09ab5143159aba1c789a459cd7",
    "token": "eyJhbGciOiJIUzI1NiIsInR5cCI6IkpXVCJ9.eyJ0b2tlbl90eXBlIjoicmVmcmVzaCIsImV4cCI6MTY3NDc0MDU1NSwiaWF0IjoxNjc0NTY3NzU1LCJqdGkiOiIwNmI0YWEwOWFiNTE0MzE1OWFiYTFjNzg5YTQ1OWNkNyIsInVzZXJfaWQiOjR9.kd_TYQ2g8lunY0RbM1fM_baCUqOROTloJA7kcJACgas",
    "created_at": "2023-01-24T13:42:35.719Z",
    "expires_at": "2023-01-26T13:42:35Z"
  }
},
{
  "model": "token_blacklist.outstandingtoken",
  "pk": 74,
  "fields": {
    "user": 1,
    "jti": "ecadffbf01b94b4cb6cc910209e8c2e8",
    "token": "eyJhbGciOiJIUzI1NiIsInR5cCI6IkpXVCJ9.eyJ0b2tlbl90eXBlIjoicmVmcmVzaCIsImV4cCI6MTY3NDc0Mjg0NiwiaWF0IjoxNjc0NTcwMDQ2LCJqdGkiOiJlY2FkZmZiZjAxYjk0YjRjYjZjYzkxMDIwOWU4YzJlOCIsInVzZXJfaWQiOjF9.mIwyHTVKffOPUB6YB_xPeCFc0kgccYy6zfTjEZa_EAs",
    "created_at": "2023-01-24T14:20:46.155Z",
    "expires_at": "2023-01-26T14:20:46Z"
  }
},
{
  "model": "token_blacklist.outstandingtoken",
  "pk": 75,
  "fields": {
    "user": 1,
    "jti": "f0a1e28174454b4abb6e793e088d986c",
    "token": "eyJhbGciOiJIUzI1NiIsInR5cCI6IkpXVCJ9.eyJ0b2tlbl90eXBlIjoicmVmcmVzaCIsImV4cCI6MTY3NDgzMzIwOSwiaWF0IjoxNjc0NjYwNDA5LCJqdGkiOiJmMGExZTI4MTc0NDU0YjRhYmI2ZTc5M2UwODhkOTg2YyIsInVzZXJfaWQiOjF9.n1PETq9jUJas7PdC9dqjWm3OU00VPNqCpWplvdWMEs8",
    "created_at": "2023-01-25T15:26:49.846Z",
    "expires_at": "2023-01-27T15:26:49Z"
  }
},
{
  "model": "token_blacklist.outstandingtoken",
  "pk": 76,
  "fields": {
    "user": 1,
    "jti": "ba986b7cccbd478aa3a0971c5ae80a13",
    "token": "eyJhbGciOiJIUzI1NiIsInR5cCI6IkpXVCJ9.eyJ0b2tlbl90eXBlIjoicmVmcmVzaCIsImV4cCI6MTY3NDg4NzMzOSwiaWF0IjoxNjc0NzE0NTM5LCJqdGkiOiJiYTk4NmI3Y2NjYmQ0NzhhYTNhMDk3MWM1YWU4MGExMyIsInVzZXJfaWQiOjF9.-CfP7eyxJBRLQ1AJmT63UNVIQW66uhXqBpaBEQzH9Lc",
    "created_at": "2023-01-26T06:28:59.634Z",
    "expires_at": "2023-01-28T06:28:59Z"
  }
},
{
  "model": "token_blacklist.outstandingtoken",
  "pk": 77,
  "fields": {
    "user": 1,
    "jti": "a134fdfc7a7a4537a5a8f055d14db457",
    "token": "eyJhbGciOiJIUzI1NiIsInR5cCI6IkpXVCJ9.eyJ0b2tlbl90eXBlIjoicmVmcmVzaCIsImV4cCI6MTY3NDg4ODIyNCwiaWF0IjoxNjc0NzE1NDI0LCJqdGkiOiJhMTM0ZmRmYzdhN2E0NTM3YTVhOGYwNTVkMTRkYjQ1NyIsInVzZXJfaWQiOjF9.zLp3uBKCV8T8pHv6sOxYArJRGuGZUK7AjwYiyWQXtIQ",
    "created_at": "2023-01-26T06:43:44.257Z",
    "expires_at": "2023-01-28T06:43:44Z"
  }
},
{
  "model": "token_blacklist.outstandingtoken",
  "pk": 78,
  "fields": {
    "user": 1,
    "jti": "46b635c5af4641118691783a2f9340e3",
    "token": "eyJhbGciOiJIUzI1NiIsInR5cCI6IkpXVCJ9.eyJ0b2tlbl90eXBlIjoicmVmcmVzaCIsImV4cCI6MTY3NDg5NzA2MSwiaWF0IjoxNjc0NzI0MjYxLCJqdGkiOiI0NmI2MzVjNWFmNDY0MTExODY5MTc4M2EyZjkzNDBlMyIsInVzZXJfaWQiOjF9.r7iDFSnZ-qYPWbb2pgKBsst_pn-WgpIOUXbO6mxhtN8",
    "created_at": "2023-01-26T09:11:01.363Z",
    "expires_at": "2023-01-28T09:11:01Z"
  }
},
{
  "model": "token_blacklist.outstandingtoken",
  "pk": 79,
  "fields": {
    "user": 1,
    "jti": "e5f66fa41b544a4fa0aa1694e9f604cf",
    "token": "eyJhbGciOiJIUzI1NiIsInR5cCI6IkpXVCJ9.eyJ0b2tlbl90eXBlIjoicmVmcmVzaCIsImV4cCI6MTY3NDk5MjM1MCwiaWF0IjoxNjc0ODE5NTUwLCJqdGkiOiJlNWY2NmZhNDFiNTQ0YTRmYTBhYTE2OTRlOWY2MDRjZiIsInVzZXJfaWQiOjF9.5liw2AijqPodrGLV_wkPpkR3J1RNcHXMU-558-r6klc",
    "created_at": "2023-01-27T11:39:10.495Z",
    "expires_at": "2023-01-29T11:39:10Z"
  }
},
{
  "model": "token_blacklist.outstandingtoken",
  "pk": 80,
  "fields": {
    "user": 1,
    "jti": "c4717117d3f84c3da120c08958859229",
    "token": "eyJhbGciOiJIUzI1NiIsInR5cCI6IkpXVCJ9.eyJ0b2tlbl90eXBlIjoicmVmcmVzaCIsImV4cCI6MTY3NDk5MjU5NywiaWF0IjoxNjc0ODE5Nzk3LCJqdGkiOiJjNDcxNzExN2QzZjg0YzNkYTEyMGMwODk1ODg1OTIyOSIsInVzZXJfaWQiOjF9.w7g8wSwEDGza-pmWYrXLQQJAjb8q5xPuweCU6CAYN2k",
    "created_at": "2023-01-27T11:43:17.745Z",
    "expires_at": "2023-01-29T11:43:17Z"
  }
},
{
  "model": "token_blacklist.outstandingtoken",
  "pk": 81,
  "fields": {
    "user": 1,
    "jti": "2fe0bfafd41a499583b84ab1159c3270",
    "token": "eyJhbGciOiJIUzI1NiIsInR5cCI6IkpXVCJ9.eyJ0b2tlbl90eXBlIjoicmVmcmVzaCIsImV4cCI6MTY3NDk5NDc3MSwiaWF0IjoxNjc0ODIxOTcxLCJqdGkiOiIyZmUwYmZhZmQ0MWE0OTk1ODNiODRhYjExNTljMzI3MCIsInVzZXJfaWQiOjF9.fyny9kuJ95AYHGFuAeCmhTWOz-W9ZyO6q8IL15YdniY",
    "created_at": "2023-01-27T12:19:31.468Z",
    "expires_at": "2023-01-29T12:19:31Z"
  }
},
{
  "model": "token_blacklist.outstandingtoken",
  "pk": 82,
  "fields": {
    "user": 1,
    "jti": "5b755a5356884d028b20a611b6de0125",
    "token": "eyJhbGciOiJIUzI1NiIsInR5cCI6IkpXVCJ9.eyJ0b2tlbl90eXBlIjoicmVmcmVzaCIsImV4cCI6MTY3NTAwNDMzNSwiaWF0IjoxNjc0ODMxNTM1LCJqdGkiOiI1Yjc1NWE1MzU2ODg0ZDAyOGIyMGE2MTFiNmRlMDEyNSIsInVzZXJfaWQiOjF9.xwi9PawczE9Y7GkbxnsP4EP86C7a93PRDhlLjBsj830",
    "created_at": "2023-01-27T14:58:55.054Z",
    "expires_at": "2023-01-29T14:58:55Z"
  }
},
{
  "model": "token_blacklist.outstandingtoken",
  "pk": 83,
  "fields": {
    "user": 1,
    "jti": "d5975697dfd84e7b804a322e924542fb",
    "token": "eyJhbGciOiJIUzI1NiIsInR5cCI6IkpXVCJ9.eyJ0b2tlbl90eXBlIjoicmVmcmVzaCIsImV4cCI6MTY3NTA3NTY2MiwiaWF0IjoxNjc0OTAyODYyLCJqdGkiOiJkNTk3NTY5N2RmZDg0ZTdiODA0YTMyMmU5MjQ1NDJmYiIsInVzZXJfaWQiOjF9.RxG-xo6RtlUyjet8qp5fI0aDpoxjlmgTv7JvosOUlPI",
    "created_at": "2023-01-28T10:47:42.867Z",
    "expires_at": "2023-01-30T10:47:42Z"
  }
},
{
  "model": "token_blacklist.outstandingtoken",
  "pk": 84,
  "fields": {
    "user": 1,
    "jti": "c2dbe84a734148e3aa07d95ca517c79a",
    "token": "eyJhbGciOiJIUzI1NiIsInR5cCI6IkpXVCJ9.eyJ0b2tlbl90eXBlIjoicmVmcmVzaCIsImV4cCI6MTY3NTE2NDk5NCwiaWF0IjoxNjc0OTkyMTk0LCJqdGkiOiJjMmRiZTg0YTczNDE0OGUzYWEwN2Q5NWNhNTE3Yzc5YSIsInVzZXJfaWQiOjF9.hjLMcO4w9YK7WFzMEsGSd21MkQH-GHZdzNN6bWdtr28",
    "created_at": "2023-01-29T11:36:34.832Z",
    "expires_at": "2023-01-31T11:36:34Z"
  }
},
{
  "model": "token_blacklist.outstandingtoken",
  "pk": 85,
  "fields": {
    "user": 1,
    "jti": "e23a5fc1ab5c4e2c8a018062c008bfdb",
    "token": "eyJhbGciOiJIUzI1NiIsInR5cCI6IkpXVCJ9.eyJ0b2tlbl90eXBlIjoicmVmcmVzaCIsImV4cCI6MTY3NTE2ODEzMiwiaWF0IjoxNjc0OTk1MzMyLCJqdGkiOiJlMjNhNWZjMWFiNWM0ZTJjOGEwMTgwNjJjMDA4YmZkYiIsInVzZXJfaWQiOjF9.q6FEgviCOZbISQ4T8XK30rORXJqxkfrecZ-kFKrsQlY",
    "created_at": "2023-01-29T12:28:52.785Z",
    "expires_at": "2023-01-31T12:28:52Z"
  }
},
{
  "model": "token_blacklist.outstandingtoken",
  "pk": 86,
  "fields": {
    "user": 1,
    "jti": "efbb663d80e644779ab22d166bea1934",
    "token": "eyJhbGciOiJIUzI1NiIsInR5cCI6IkpXVCJ9.eyJ0b2tlbl90eXBlIjoicmVmcmVzaCIsImV4cCI6MTY3NTE2OTk4MywiaWF0IjoxNjc0OTk3MTgzLCJqdGkiOiJlZmJiNjYzZDgwZTY0NDc3OWFiMjJkMTY2YmVhMTkzNCIsInVzZXJfaWQiOjF9.oZem7dPVtkApkE8zXqWfwF53Q5z1MUUsRLzHlhLByvg",
    "created_at": "2023-01-29T12:59:43.878Z",
    "expires_at": "2023-01-31T12:59:43Z"
  }
},
{
  "model": "token_blacklist.outstandingtoken",
  "pk": 87,
  "fields": {
    "user": 2,
    "jti": "6e5a6d0684244f2c97b2b652ea3725f5",
    "token": "eyJhbGciOiJIUzI1NiIsInR5cCI6IkpXVCJ9.eyJ0b2tlbl90eXBlIjoicmVmcmVzaCIsImV4cCI6MTY3NTE4NTg2MSwiaWF0IjoxNjc1MDEzMDYxLCJqdGkiOiI2ZTVhNmQwNjg0MjQ0ZjJjOTdiMmI2NTJlYTM3MjVmNSIsInVzZXJfaWQiOjJ9.HBKsnJGSYVDGZYEiIn1jzIB3BORqRuvtwBI7zhGVmUY",
    "created_at": "2023-01-29T17:24:21.858Z",
    "expires_at": "2023-01-31T17:24:21Z"
  }
},
{
  "model": "token_blacklist.outstandingtoken",
  "pk": 88,
  "fields": {
    "user": 4,
    "jti": "e99bf803e8764a4d88ee19e25a4d9e19",
    "token": "eyJhbGciOiJIUzI1NiIsInR5cCI6IkpXVCJ9.eyJ0b2tlbl90eXBlIjoicmVmcmVzaCIsImV4cCI6MTY3NTE4NjEyOSwiaWF0IjoxNjc1MDEzMzI5LCJqdGkiOiJlOTliZjgwM2U4NzY0YTRkODhlZTE5ZTI1YTRkOWUxOSIsInVzZXJfaWQiOjR9.jArcy7CWIfMgb0mfbD-iLLZU9WChUjwzrzOM1jMnX9w",
    "created_at": "2023-01-29T17:28:49.650Z",
    "expires_at": "2023-01-31T17:28:49Z"
  }
},
{
  "model": "token_blacklist.outstandingtoken",
  "pk": 89,
  "fields": {
    "user": 3,
    "jti": "e46a1ee952d44dacbd75694296754058",
    "token": "eyJhbGciOiJIUzI1NiIsInR5cCI6IkpXVCJ9.eyJ0b2tlbl90eXBlIjoicmVmcmVzaCIsImV4cCI6MTY3NTE4Nzk3MSwiaWF0IjoxNjc1MDE1MTcxLCJqdGkiOiJlNDZhMWVlOTUyZDQ0ZGFjYmQ3NTY5NDI5Njc1NDA1OCIsInVzZXJfaWQiOjN9.C3oVWpHPFQRYywo4wBRIdbM4S9W-u_yWzcHLw2CmnNo",
    "created_at": "2023-01-29T17:59:31.159Z",
    "expires_at": "2023-01-31T17:59:31Z"
  }
},
{
  "model": "token_blacklist.outstandingtoken",
  "pk": 90,
  "fields": {
    "user": 2,
    "jti": "875fb22e863e47458cf15d07c16c111e",
    "token": "eyJhbGciOiJIUzI1NiIsInR5cCI6IkpXVCJ9.eyJ0b2tlbl90eXBlIjoicmVmcmVzaCIsImV4cCI6MTY3NTE4ODAwMSwiaWF0IjoxNjc1MDE1MjAxLCJqdGkiOiI4NzVmYjIyZTg2M2U0NzQ1OGNmMTVkMDdjMTZjMTExZSIsInVzZXJfaWQiOjJ9.jJubdPorfXYp4ODq8QYiGzdsRqJvleObdvPe1V8GsQk",
    "created_at": "2023-01-29T18:00:01.634Z",
    "expires_at": "2023-01-31T18:00:01Z"
  }
},
{
  "model": "token_blacklist.outstandingtoken",
  "pk": 91,
  "fields": {
    "user": 1,
    "jti": "2070eadd68654a66915801e3bcacd882",
    "token": "eyJhbGciOiJIUzI1NiIsInR5cCI6IkpXVCJ9.eyJ0b2tlbl90eXBlIjoicmVmcmVzaCIsImV4cCI6MTY3NTE4ODAxOSwiaWF0IjoxNjc1MDE1MjE5LCJqdGkiOiIyMDcwZWFkZDY4NjU0YTY2OTE1ODAxZTNiY2FjZDg4MiIsInVzZXJfaWQiOjF9.jBhwpqUyrUSxpj7-ZCV1KpTBTnqzZd6bORd22lfyaWs",
    "created_at": "2023-01-29T18:00:19.087Z",
    "expires_at": "2023-01-31T18:00:19Z"
  }
},
{
  "model": "token_blacklist.outstandingtoken",
  "pk": 92,
  "fields": {
    "user": 2,
    "jti": "b3edcecaf1ff4701b8ab56bcfaa76476",
    "token": "eyJhbGciOiJIUzI1NiIsInR5cCI6IkpXVCJ9.eyJ0b2tlbl90eXBlIjoicmVmcmVzaCIsImV4cCI6MTY3NTI2NTA1OSwiaWF0IjoxNjc1MDkyMjU5LCJqdGkiOiJiM2VkY2VjYWYxZmY0NzAxYjhhYjU2YmNmYWE3NjQ3NiIsInVzZXJfaWQiOjJ9.c9Rcz9MR8EWgKvUEECZgrvNb5oLJLH1DBb71SZbf7vc",
    "created_at": "2023-01-30T15:24:19.976Z",
    "expires_at": "2023-02-01T15:24:19Z"
  }
},
{
  "model": "token_blacklist.outstandingtoken",
  "pk": 93,
  "fields": {
    "user": 1,
    "jti": "b08b048e5d8a48ee84256d9674fa6ac4",
    "token": "eyJhbGciOiJIUzI1NiIsInR5cCI6IkpXVCJ9.eyJ0b2tlbl90eXBlIjoicmVmcmVzaCIsImV4cCI6MTY3NTI2NTEwOSwiaWF0IjoxNjc1MDkyMzA5LCJqdGkiOiJiMDhiMDQ4ZTVkOGE0OGVlODQyNTZkOTY3NGZhNmFjNCIsInVzZXJfaWQiOjF9.17LIyi6ydoiVq-C0VcNiouZ-IxCVFiHZttnhsM3LxbQ",
    "created_at": "2023-01-30T15:25:09.189Z",
    "expires_at": "2023-02-01T15:25:09Z"
  }
},
{
  "model": "token_blacklist.outstandingtoken",
  "pk": 94,
  "fields": {
    "user": 1,
    "jti": "23377e81b1224f39ac0d9c6daa9b7949",
    "token": "eyJhbGciOiJIUzI1NiIsInR5cCI6IkpXVCJ9.eyJ0b2tlbl90eXBlIjoicmVmcmVzaCIsImV4cCI6MTY3NTM1NTA1NCwiaWF0IjoxNjc1MTgyMjU0LCJqdGkiOiIyMzM3N2U4MWIxMjI0ZjM5YWMwZDljNmRhYTliNzk0OSIsInVzZXJfaWQiOjF9.2jCZ7loy4A6IYQr0LeiHjLaZmFvVQ3lfS1_XtQWArLE",
    "created_at": "2023-01-31T16:24:14.868Z",
    "expires_at": "2023-02-02T16:24:14Z"
  }
},
{
  "model": "token_blacklist.outstandingtoken",
  "pk": 95,
  "fields": {
    "user": 1,
    "jti": "ea8d377cf7104cbb9a60c55b6e1723bf",
    "token": "eyJhbGciOiJIUzI1NiIsInR5cCI6IkpXVCJ9.eyJ0b2tlbl90eXBlIjoicmVmcmVzaCIsImV4cCI6MTY3NTUwMTk1OCwiaWF0IjoxNjc1MzI5MTU4LCJqdGkiOiJlYThkMzc3Y2Y3MTA0Y2JiOWE2MGM1NWI2ZTE3MjNiZiIsInVzZXJfaWQiOjF9.qDDNV_nMp9ORp5T3Xk_j5KT0qu_o31WMb_jU-PrbgqA",
    "created_at": "2023-02-02T09:12:38.059Z",
    "expires_at": "2023-02-04T09:12:38Z"
  }
},
{
  "model": "token_blacklist.outstandingtoken",
  "pk": 96,
  "fields": {
    "user": 1,
    "jti": "6b318c3e25104fc98596f978fd2f3c83",
    "token": "eyJhbGciOiJIUzI1NiIsInR5cCI6IkpXVCJ9.eyJ0b2tlbl90eXBlIjoicmVmcmVzaCIsImV4cCI6MTY3NTUwOTM5OCwiaWF0IjoxNjc1MzM2NTk4LCJqdGkiOiI2YjMxOGMzZTI1MTA0ZmM5ODU5NmY5NzhmZDJmM2M4MyIsInVzZXJfaWQiOjF9.zYYNaoyIMuOT0hd-Fzp5Gd6Pa_Q1HE3ePWhFlCwo0k8",
    "created_at": "2023-02-02T11:16:38.925Z",
    "expires_at": "2023-02-04T11:16:38Z"
  }
},
{
  "model": "token_blacklist.outstandingtoken",
  "pk": 97,
  "fields": {
    "user": 2,
    "jti": "7d5ec2d4a9dc407ab061fa504d1f4997",
    "token": "eyJhbGciOiJIUzI1NiIsInR5cCI6IkpXVCJ9.eyJ0b2tlbl90eXBlIjoicmVmcmVzaCIsImV4cCI6MTY3NTUzMjEzNCwiaWF0IjoxNjc1MzU5MzM0LCJqdGkiOiI3ZDVlYzJkNGE5ZGM0MDdhYjA2MWZhNTA0ZDFmNDk5NyIsInVzZXJfaWQiOjJ9.SzAHPE9Ok9nvcvo82Hxvvc_IctjH08kYNK6fxb19nl0",
    "created_at": "2023-02-02T17:35:34.317Z",
    "expires_at": "2023-02-04T17:35:34Z"
  }
},
{
  "model": "token_blacklist.outstandingtoken",
  "pk": 98,
  "fields": {
    "user": 1,
    "jti": "30c1ffa08b954178b85a83c5282ad457",
    "token": "eyJhbGciOiJIUzI1NiIsInR5cCI6IkpXVCJ9.eyJ0b2tlbl90eXBlIjoicmVmcmVzaCIsImV4cCI6MTY3NTYwMzEzNSwiaWF0IjoxNjc1NDMwMzM1LCJqdGkiOiIzMGMxZmZhMDhiOTU0MTc4Yjg1YTgzYzUyODJhZDQ1NyIsInVzZXJfaWQiOjF9.zTrMk8wvV0tB_Xo_HLIzMdyxKAHLCXtjQpng6v9qqdY",
    "created_at": "2023-02-03T13:18:55.138Z",
    "expires_at": "2023-02-05T13:18:55Z"
  }
},
{
  "model": "token_blacklist.outstandingtoken",
  "pk": 99,
  "fields": {
    "user": 1,
    "jti": "2b87fa98fda34160a768ce4a14c378fc",
    "token": "eyJhbGciOiJIUzI1NiIsInR5cCI6IkpXVCJ9.eyJ0b2tlbl90eXBlIjoicmVmcmVzaCIsImV4cCI6MTY3NjM1OTU4NywiaWF0IjoxNjc2MTg2Nzg3LCJqdGkiOiIyYjg3ZmE5OGZkYTM0MTYwYTc2OGNlNGExNGMzNzhmYyIsInVzZXJfaWQiOjF9.66Fa5jko1LCLoE-843QHpOC6owdcCrFfTX8xBQhrZgs",
    "created_at": "2023-02-12T07:26:27.457Z",
    "expires_at": "2023-02-14T07:26:27Z"
  }
},
{
  "model": "token_blacklist.outstandingtoken",
  "pk": 100,
  "fields": {
    "user": 1,
    "jti": "c9ac8443b38140b2942d2e7013bf46ee",
    "token": "eyJhbGciOiJIUzI1NiIsInR5cCI6IkpXVCJ9.eyJ0b2tlbl90eXBlIjoicmVmcmVzaCIsImV4cCI6MTY3NjkwMDc3MSwiaWF0IjoxNjc2NzI3OTcxLCJqdGkiOiJjOWFjODQ0M2IzODE0MGIyOTQyZDJlNzAxM2JmNDZlZSIsInVzZXJfaWQiOjF9.b8DGwyRjEchbiA8JagvBODqzSgfhznhW9s7YW6VXTcs",
    "created_at": "2023-02-18T13:46:11.512Z",
    "expires_at": "2023-02-20T13:46:11Z"
  }
},
{
  "model": "token_blacklist.outstandingtoken",
  "pk": 101,
  "fields": {
    "user": 1,
    "jti": "60f8cc2b44784eadaaa7f7fd85624f33",
    "token": "eyJhbGciOiJIUzI1NiIsInR5cCI6IkpXVCJ9.eyJ0b2tlbl90eXBlIjoicmVmcmVzaCIsImV4cCI6MTY3NjkwMTA1MiwiaWF0IjoxNjc2NzI4MjUyLCJqdGkiOiI2MGY4Y2MyYjQ0Nzg0ZWFkYWFhN2Y3ZmQ4NTYyNGYzMyIsInVzZXJfaWQiOjF9.zmtbz0K77Th8HQP_xa5SZJD9N7C0_N6Y5VnqchpXM9A",
    "created_at": "2023-02-18T13:50:52.017Z",
    "expires_at": "2023-02-20T13:50:52Z"
  }
},
{
  "model": "token_blacklist.blacklistedtoken",
  "pk": 1,
  "fields": {
    "token": 1,
    "blacklisted_at": "2022-12-23T09:43:04.831Z"
  }
},
{
  "model": "token_blacklist.blacklistedtoken",
  "pk": 2,
  "fields": {
    "token": 2,
    "blacklisted_at": "2022-12-23T09:44:07.367Z"
  }
},
{
  "model": "token_blacklist.blacklistedtoken",
  "pk": 3,
  "fields": {
    "token": 3,
    "blacklisted_at": "2022-12-23T15:48:01.699Z"
  }
},
{
  "model": "token_blacklist.blacklistedtoken",
  "pk": 4,
  "fields": {
    "token": 4,
    "blacklisted_at": "2022-12-23T16:03:58.626Z"
  }
},
{
  "model": "token_blacklist.blacklistedtoken",
  "pk": 5,
  "fields": {
    "token": 5,
    "blacklisted_at": "2022-12-24T10:27:37.068Z"
  }
},
{
  "model": "token_blacklist.blacklistedtoken",
  "pk": 6,
  "fields": {
    "token": 6,
    "blacklisted_at": "2022-12-24T12:49:30.521Z"
  }
},
{
  "model": "token_blacklist.blacklistedtoken",
  "pk": 7,
  "fields": {
    "token": 7,
    "blacklisted_at": "2022-12-24T12:58:12.696Z"
  }
},
{
  "model": "token_blacklist.blacklistedtoken",
  "pk": 8,
  "fields": {
    "token": 8,
    "blacklisted_at": "2022-12-24T16:14:46.563Z"
  }
},
{
  "model": "token_blacklist.blacklistedtoken",
  "pk": 9,
  "fields": {
    "token": 9,
    "blacklisted_at": "2022-12-24T16:40:39.441Z"
  }
},
{
  "model": "token_blacklist.blacklistedtoken",
  "pk": 10,
  "fields": {
    "token": 10,
    "blacklisted_at": "2022-12-24T16:41:54.791Z"
  }
},
{
  "model": "token_blacklist.blacklistedtoken",
  "pk": 11,
  "fields": {
    "token": 11,
    "blacklisted_at": "2022-12-24T16:43:52.696Z"
  }
},
{
  "model": "token_blacklist.blacklistedtoken",
  "pk": 12,
  "fields": {
    "token": 12,
    "blacklisted_at": "2022-12-24T16:45:11.808Z"
  }
},
{
  "model": "token_blacklist.blacklistedtoken",
  "pk": 13,
  "fields": {
    "token": 13,
    "blacklisted_at": "2022-12-24T16:53:21.690Z"
  }
},
{
  "model": "token_blacklist.blacklistedtoken",
  "pk": 14,
  "fields": {
    "token": 14,
    "blacklisted_at": "2022-12-24T18:11:07.857Z"
  }
},
{
  "model": "token_blacklist.blacklistedtoken",
  "pk": 15,
  "fields": {
    "token": 15,
    "blacklisted_at": "2022-12-24T18:16:05.181Z"
  }
},
{
  "model": "token_blacklist.blacklistedtoken",
  "pk": 16,
  "fields": {
    "token": 16,
    "blacklisted_at": "2022-12-25T07:43:10.179Z"
  }
},
{
  "model": "token_blacklist.blacklistedtoken",
  "pk": 17,
  "fields": {
    "token": 17,
    "blacklisted_at": "2022-12-25T08:25:16.507Z"
  }
},
{
  "model": "token_blacklist.blacklistedtoken",
  "pk": 18,
  "fields": {
    "token": 18,
    "blacklisted_at": "2022-12-25T08:25:53.619Z"
  }
},
{
  "model": "token_blacklist.blacklistedtoken",
  "pk": 19,
  "fields": {
    "token": 19,
    "blacklisted_at": "2022-12-25T08:40:20.425Z"
  }
},
{
  "model": "token_blacklist.blacklistedtoken",
  "pk": 20,
  "fields": {
    "token": 20,
    "blacklisted_at": "2022-12-25T08:43:53.537Z"
  }
},
{
  "model": "token_blacklist.blacklistedtoken",
  "pk": 21,
  "fields": {
    "token": 21,
    "blacklisted_at": "2022-12-25T08:44:16.369Z"
  }
},
{
  "model": "token_blacklist.blacklistedtoken",
  "pk": 22,
  "fields": {
    "token": 22,
    "blacklisted_at": "2022-12-25T10:19:15.501Z"
  }
},
{
  "model": "token_blacklist.blacklistedtoken",
  "pk": 23,
  "fields": {
    "token": 23,
    "blacklisted_at": "2022-12-25T10:24:25.181Z"
  }
},
{
  "model": "token_blacklist.blacklistedtoken",
  "pk": 24,
  "fields": {
    "token": 24,
    "blacklisted_at": "2022-12-25T14:39:38.680Z"
  }
},
{
  "model": "token_blacklist.blacklistedtoken",
  "pk": 25,
  "fields": {
    "token": 25,
    "blacklisted_at": "2022-12-25T15:22:31.774Z"
  }
},
{
  "model": "token_blacklist.blacklistedtoken",
  "pk": 26,
  "fields": {
    "token": 26,
    "blacklisted_at": "2022-12-26T14:21:25.194Z"
  }
},
{
  "model": "token_blacklist.blacklistedtoken",
  "pk": 27,
  "fields": {
    "token": 27,
    "blacklisted_at": "2022-12-26T14:23:54.996Z"
  }
},
{
  "model": "token_blacklist.blacklistedtoken",
  "pk": 28,
  "fields": {
    "token": 28,
    "blacklisted_at": "2022-12-26T14:27:48.559Z"
  }
},
{
  "model": "token_blacklist.blacklistedtoken",
  "pk": 29,
  "fields": {
    "token": 29,
    "blacklisted_at": "2022-12-26T14:28:50.983Z"
  }
},
{
  "model": "token_blacklist.blacklistedtoken",
  "pk": 30,
  "fields": {
    "token": 32,
    "blacklisted_at": "2022-12-27T15:14:49.856Z"
  }
},
{
  "model": "token_blacklist.blacklistedtoken",
  "pk": 31,
  "fields": {
    "token": 33,
    "blacklisted_at": "2022-12-27T15:16:23.187Z"
  }
},
{
  "model": "token_blacklist.blacklistedtoken",
  "pk": 32,
  "fields": {
    "token": 34,
    "blacklisted_at": "2022-12-27T15:17:22.448Z"
  }
},
{
  "model": "token_blacklist.blacklistedtoken",
  "pk": 33,
  "fields": {
    "token": 35,
    "blacklisted_at": "2022-12-27T16:51:26.161Z"
  }
},
{
  "model": "token_blacklist.blacklistedtoken",
  "pk": 34,
  "fields": {
    "token": 36,
    "blacklisted_at": "2022-12-27T16:52:15.514Z"
  }
},
{
  "model": "token_blacklist.blacklistedtoken",
  "pk": 35,
  "fields": {
    "token": 38,
    "blacklisted_at": "2022-12-29T08:10:13.806Z"
  }
},
{
  "model": "token_blacklist.blacklistedtoken",
  "pk": 36,
  "fields": {
    "token": 39,
    "blacklisted_at": "2022-12-29T08:11:41.059Z"
  }
},
{
  "model": "token_blacklist.blacklistedtoken",
  "pk": 37,
  "fields": {
    "token": 40,
    "blacklisted_at": "2022-12-29T08:14:12.162Z"
  }
},
{
  "model": "token_blacklist.blacklistedtoken",
  "pk": 38,
  "fields": {
    "token": 41,
    "blacklisted_at": "2022-12-29T08:14:48.332Z"
  }
},
{
  "model": "token_blacklist.blacklistedtoken",
  "pk": 39,
  "fields": {
    "token": 42,
    "blacklisted_at": "2022-12-29T08:17:10.363Z"
  }
},
{
  "model": "token_blacklist.blacklistedtoken",
  "pk": 40,
  "fields": {
    "token": 43,
    "blacklisted_at": "2022-12-29T08:50:48.023Z"
  }
},
{
  "model": "token_blacklist.blacklistedtoken",
  "pk": 41,
  "fields": {
    "token": 47,
    "blacklisted_at": "2023-01-08T14:01:50.163Z"
  }
},
{
  "model": "token_blacklist.blacklistedtoken",
  "pk": 42,
  "fields": {
    "token": 48,
    "blacklisted_at": "2023-01-08T14:55:09.191Z"
  }
},
{
  "model": "token_blacklist.blacklistedtoken",
  "pk": 43,
  "fields": {
    "token": 50,
    "blacklisted_at": "2023-01-10T17:45:22.067Z"
  }
},
{
  "model": "token_blacklist.blacklistedtoken",
  "pk": 44,
  "fields": {
    "token": 53,
    "blacklisted_at": "2023-01-11T09:11:10.423Z"
  }
},
{
  "model": "token_blacklist.blacklistedtoken",
  "pk": 45,
  "fields": {
    "token": 54,
    "blacklisted_at": "2023-01-11T09:32:26.849Z"
  }
},
{
  "model": "token_blacklist.blacklistedtoken",
  "pk": 46,
  "fields": {
    "token": 55,
    "blacklisted_at": "2023-01-11T13:02:41.275Z"
  }
},
{
  "model": "token_blacklist.blacklistedtoken",
  "pk": 47,
  "fields": {
    "token": 56,
    "blacklisted_at": "2023-01-12T10:12:10.747Z"
  }
},
{
  "model": "token_blacklist.blacklistedtoken",
  "pk": 48,
  "fields": {
    "token": 57,
    "blacklisted_at": "2023-01-12T14:20:57.776Z"
  }
},
{
  "model": "token_blacklist.blacklistedtoken",
  "pk": 49,
  "fields": {
    "token": 59,
    "blacklisted_at": "2023-01-14T09:01:28.727Z"
  }
},
{
  "model": "token_blacklist.blacklistedtoken",
  "pk": 50,
  "fields": {
    "token": 60,
    "blacklisted_at": "2023-01-14T10:26:28.545Z"
  }
},
{
  "model": "token_blacklist.blacklistedtoken",
  "pk": 51,
  "fields": {
    "token": 62,
    "blacklisted_at": "2023-01-15T13:51:22.880Z"
  }
},
{
  "model": "token_blacklist.blacklistedtoken",
  "pk": 52,
  "fields": {
    "token": 63,
    "blacklisted_at": "2023-01-15T14:02:12.133Z"
  }
},
{
  "model": "token_blacklist.blacklistedtoken",
  "pk": 53,
  "fields": {
    "token": 64,
    "blacklisted_at": "2023-01-16T06:24:15.055Z"
  }
},
{
  "model": "token_blacklist.blacklistedtoken",
  "pk": 54,
  "fields": {
    "token": 65,
    "blacklisted_at": "2023-01-16T06:26:00.387Z"
  }
},
{
  "model": "token_blacklist.blacklistedtoken",
  "pk": 55,
  "fields": {
    "token": 66,
    "blacklisted_at": "2023-01-16T06:26:41.458Z"
  }
},
{
  "model": "token_blacklist.blacklistedtoken",
  "pk": 56,
  "fields": {
    "token": 67,
    "blacklisted_at": "2023-01-16T06:27:31.207Z"
  }
},
{
  "model": "token_blacklist.blacklistedtoken",
  "pk": 57,
  "fields": {
    "token": 69,
    "blacklisted_at": "2023-01-19T14:38:00.042Z"
  }
},
{
  "model": "token_blacklist.blacklistedtoken",
  "pk": 58,
  "fields": {
    "token": 72,
    "blacklisted_at": "2023-01-24T13:42:25.788Z"
  }
},
{
  "model": "token_blacklist.blacklistedtoken",
  "pk": 59,
  "fields": {
    "token": 73,
    "blacklisted_at": "2023-01-24T14:20:39.638Z"
  }
},
{
  "model": "token_blacklist.blacklistedtoken",
  "pk": 60,
  "fields": {
    "token": 75,
    "blacklisted_at": "2023-01-26T06:28:53.412Z"
  }
},
{
  "model": "token_blacklist.blacklistedtoken",
  "pk": 61,
  "fields": {
    "token": 76,
    "blacklisted_at": "2023-01-26T06:42:12.607Z"
  }
},
{
  "model": "token_blacklist.blacklistedtoken",
  "pk": 62,
  "fields": {
    "token": 77,
    "blacklisted_at": "2023-01-26T09:08:09.964Z"
  }
},
{
  "model": "token_blacklist.blacklistedtoken",
  "pk": 63,
  "fields": {
    "token": 79,
    "blacklisted_at": "2023-01-27T11:39:33.868Z"
  }
},
{
  "model": "token_blacklist.blacklistedtoken",
  "pk": 64,
  "fields": {
    "token": 80,
    "blacklisted_at": "2023-01-27T11:43:41.546Z"
  }
},
{
  "model": "token_blacklist.blacklistedtoken",
  "pk": 65,
  "fields": {
    "token": 81,
    "blacklisted_at": "2023-01-27T12:29:21.668Z"
  }
},
{
  "model": "token_blacklist.blacklistedtoken",
  "pk": 66,
  "fields": {
    "token": 82,
    "blacklisted_at": "2023-01-28T10:26:27.004Z"
  }
},
{
  "model": "token_blacklist.blacklistedtoken",
  "pk": 67,
  "fields": {
    "token": 83,
    "blacklisted_at": "2023-01-29T09:03:05.697Z"
  }
},
{
  "model": "token_blacklist.blacklistedtoken",
  "pk": 68,
  "fields": {
    "token": 84,
    "blacklisted_at": "2023-01-29T12:28:08.127Z"
  }
},
{
  "model": "token_blacklist.blacklistedtoken",
  "pk": 69,
  "fields": {
    "token": 85,
    "blacklisted_at": "2023-01-29T12:59:26.919Z"
  }
},
{
  "model": "token_blacklist.blacklistedtoken",
  "pk": 70,
  "fields": {
    "token": 86,
    "blacklisted_at": "2023-01-29T17:24:13.786Z"
  }
},
{
  "model": "token_blacklist.blacklistedtoken",
  "pk": 71,
  "fields": {
    "token": 87,
    "blacklisted_at": "2023-01-29T17:28:37.900Z"
  }
},
{
  "model": "token_blacklist.blacklistedtoken",
  "pk": 72,
  "fields": {
    "token": 88,
    "blacklisted_at": "2023-01-29T17:59:20.891Z"
  }
},
{
  "model": "token_blacklist.blacklistedtoken",
  "pk": 73,
  "fields": {
    "token": 89,
    "blacklisted_at": "2023-01-29T17:59:52.961Z"
  }
},
{
  "model": "token_blacklist.blacklistedtoken",
  "pk": 74,
  "fields": {
    "token": 90,
    "blacklisted_at": "2023-01-29T18:00:10.661Z"
  }
},
{
  "model": "token_blacklist.blacklistedtoken",
  "pk": 75,
  "fields": {
    "token": 91,
    "blacklisted_at": "2023-01-30T15:24:12.413Z"
  }
},
{
  "model": "token_blacklist.blacklistedtoken",
  "pk": 76,
  "fields": {
    "token": 92,
    "blacklisted_at": "2023-01-30T15:25:00.664Z"
  }
},
{
  "model": "token_blacklist.blacklistedtoken",
  "pk": 77,
  "fields": {
    "token": 95,
    "blacklisted_at": "2023-02-02T11:16:30.042Z"
  }
},
{
  "model": "token_blacklist.blacklistedtoken",
  "pk": 78,
  "fields": {
    "token": 96,
    "blacklisted_at": "2023-02-02T17:35:02.254Z"
  }
},
{
  "model": "token_blacklist.blacklistedtoken",
  "pk": 79,
  "fields": {
    "token": 97,
    "blacklisted_at": "2023-02-03T13:18:47.309Z"
  }
},
{
  "model": "token_blacklist.blacklistedtoken",
  "pk": 80,
  "fields": {
    "token": 100,
    "blacklisted_at": "2023-02-18T13:50:03.492Z"
  }
},
{
  "model": "token_blacklist.blacklistedtoken",
  "pk": 81,
  "fields": {
    "token": 101,
    "blacklisted_at": "2023-02-18T13:51:58.012Z"
  }
},
{
  "model": "defender.accessattempt",
  "pk": 1,
  "fields": {
    "user_agent": "Mozilla/5.0 (Windows NT 10.0; Win64; x64) AppleWebKit/537.36 (KHTML, like Gecko) Chrome/108.0.0.0 Safari/537.36",
    "ip_address": "172.19.0.1",
    "username": "test@test.com",
    "http_accept": "text/html,application/xhtml+xml,application/xml;q=0.9,image/avif,image/webp,image/apng,*/*;q=0.8,application/signed-exchange;v=b3;q=0.9",
    "path_info": "/admin/login/",
    "attempt_time": "2022-12-23T08:33:24.651Z",
    "login_valid": true
  }
},
{
  "model": "defender.accessattempt",
  "pk": 2,
  "fields": {
    "user_agent": "Mozilla/5.0 (Windows NT 10.0; Win64; x64) AppleWebKit/537.36 (KHTML, like Gecko) Chrome/108.0.0.0 Safari/537.36",
    "ip_address": "172.20.0.1",
    "username": "test@test.com",
    "http_accept": "text/html,application/xhtml+xml,application/xml;q=0.9,image/avif,image/webp,image/apng,*/*;q=0.8,application/signed-exchange;v=b3;q=0.9",
    "path_info": "/admin/login/",
    "attempt_time": "2023-01-07T08:21:24.554Z",
    "login_valid": true
  }
},
{
  "model": "defender.accessattempt",
  "pk": 3,
  "fields": {
    "user_agent": "Mozilla/5.0 (Windows NT 10.0; Win64; x64) AppleWebKit/537.36 (KHTML, like Gecko) Chrome/109.0.0.0 Safari/537.36",
    "ip_address": "172.19.0.1",
    "username": "test@test.com",
    "http_accept": "text/html,application/xhtml+xml,application/xml;q=0.9,image/avif,image/webp,image/apng,*/*;q=0.8,application/signed-exchange;v=b3;q=0.9",
    "path_info": "/admin/login/",
    "attempt_time": "2023-01-21T10:47:20.118Z",
    "login_valid": true
  }
},
{
  "model": "defender.accessattempt",
  "pk": 4,
  "fields": {
    "user_agent": "Mozilla/5.0 (Windows NT 10.0; Win64; x64) AppleWebKit/537.36 (KHTML, like Gecko) Chrome/110.0.0.0 Safari/537.36",
    "ip_address": "172.18.0.1",
    "username": "test@test.com",
    "http_accept": "text/html,application/xhtml+xml,application/xml;q=0.9,image/avif,image/webp,image/apng,*/*;q=0.8,application/signed-exchange;v=b3;q=0.7",
    "path_info": "/admin/login/",
    "attempt_time": "2023-02-18T13:51:05.055Z",
    "login_valid": true
  }
},
{
  "model": "main.user",
  "pk": 1,
  "fields": {
    "password": "pbkdf2_sha256$390000$56seICrtRGCxkeJTKrnaPK$c5L0awQ3zVQqFybJG6Ex5GXxbChenJEp1fDp87DYcDg=",
    "last_login": "2023-02-18T13:51:05.051Z",
    "is_superuser": true,
    "first_name": "Super",
    "last_name": "Admin",
    "is_staff": true,
    "is_active": true,
    "date_joined": "2022-12-23T08:00:04Z",
    "email": "test@test.com",
    "gender": 1,
    "birthday": "2022-12-06",
    "avatar": "avatar/1/b.png",
    "groups": [],
    "user_permissions": []
  }
},
{
  "model": "main.user",
  "pk": 2,
  "fields": {
    "password": "pbkdf2_sha256$390000$SMC6cLznKYj7p0yaP2FMLr$A0TlPmVWEeEunS53W+G7jZMHbYp/uAA20saHK7Pk/L8=",
    "last_login": null,
    "is_superuser": false,
    "first_name": "Tor",
    "last_name": "Odinson",
    "is_staff": false,
    "is_active": true,
    "date_joined": "2022-12-23T15:46:49.046Z",
    "email": "test1@test.com",
    "gender": 1,
    "birthday": "2022-12-10",
    "avatar": "avatar/2/Tor.jpg",
    "groups": [],
    "user_permissions": []
  }
},
{
  "model": "main.user",
  "pk": 3,
  "fields": {
    "password": "pbkdf2_sha256$390000$opFRIY1DtSMWDCng1Wl0Y8$0aXvVqkKPM2lC54B12Nj1uNetVCc+naEYXS0A1/xd0E=",
    "last_login": null,
    "is_superuser": false,
    "first_name": "Iron",
    "last_name": "Man",
    "is_staff": false,
    "is_active": true,
    "date_joined": "2022-12-24T10:41:38Z",
    "email": "test2@test.com",
    "gender": 0,
    "birthday": null,
    "avatar": "",
    "groups": [],
    "user_permissions": []
  }
},
{
  "model": "main.user",
  "pk": 4,
  "fields": {
    "password": "pbkdf2_sha256$390000$M7rXulOTaOmWhzyLdH9Phi$sa8DE7I5D+ItcrIAW/ut7OAvwsoawQUXQZzNKy6w6M8=",
    "last_login": null,
    "is_superuser": false,
    "first_name": "Spider",
    "last_name": "Man",
    "is_staff": false,
    "is_active": true,
    "date_joined": "2022-12-25T08:44:55.298Z",
    "email": "test3@test.com",
    "gender": 1,
    "birthday": "2022-12-23",
    "avatar": "avatar/4/spider-man.jpg",
    "groups": [],
    "user_permissions": []
  }
},
{
  "model": "blog.category",
  "pk": 1,
  "fields": {
    "name": "Культура",
    "slug": "культура"
  }
},
{
  "model": "blog.category",
  "pk": 2,
  "fields": {
    "name": "Город",
    "slug": "город"
  }
},
{
  "model": "blog.category",
  "pk": 3,
  "fields": {
    "name": "Космос",
    "slug": "космос"
  }
},
{
  "model": "blog.category",
  "pk": 4,
  "fields": {
    "name": "Спорт",
    "slug": "спорт"
  }
},
{
  "model": "blog.category",
  "pk": 5,
  "fields": {
    "name": "Политика",
    "slug": "политика"
  }
},
{
  "model": "blog.category",
  "pk": 6,
  "fields": {
    "name": "Природа",
    "slug": "природа"
  }
},
{
  "model": "blog.category",
  "pk": 7,
  "fields": {
    "name": "Технологии",
    "slug": "технологии"
  }
},
{
  "model": "blog.article",
  "pk": 1,
  "fields": {
    "category": 1,
    "title": "Сиднейский оперный театр открыли после реконструкции",
    "slug": "сиднейский-оперный-театр-открыли-после-реконструкции",
    "content": "<p>Визитная карточка Австралии и символ современной архитектуры. Сиднейский оперный театр открыли после реконструкции. Окончания ремонта ждали тысячи меломанов, и все не зря. Подробности у Ксении Егоровой.</p><p>Вот так, с церемонии ритуального танца и окуривания всех пришедших листьями эвкалипта начинается новая жизнь концертного зала Сиднейского оперного театра. Знаковую для Австралии достопримечательность – творение архитектора Йорна Утзона – закрывали на ремонт и реконструкцию на два с половиной года.</p><p>Новую акустическую систему зала на открытии смогли оценить музыканты Сиднейского симфонического оркестра и, теперь, как они говорят, всё, вплоть до последнего ряда звучит, и это настоящее чудо.<br></p>",
    "author": 1,
    "created": "2022-12-23T08:56:22.722Z",
    "updated": "2023-01-16T09:35:15.179Z",
    "status": 1,
    "image": "articles/1_BI8KOcU.jpg"
  }
},
{
  "model": "blog.article",
  "pk": 2,
  "fields": {
    "category": 7,
    "title": "Tesla выпустила не получившийся у Apple гаджет",
    "slug": "tesla-выпустила-не-получившийся-у-apple-гаджет",
    "content": "<p><span style=\"color: rgb(0, 0, 0); font-family: &quot;RF Devi Regular&quot;, sans-serif; font-size: 18px;\">Его уникальная особенность в том, что на одной поверхности можно подпитывать аккумуляторы сразу трех устройств, поддерживающих общепринятый стандарт Qi – это большинство флагманских смартфонов, топовые модели беспроводных наушников и некоторые смарт-часы.</span></p><p><span style=\"color: rgb(0, 0, 0); font-family: &quot;RF Devi Regular&quot;, sans-serif; font-size: 18px;\">Похожий аксессуар – Air Power – в свое время пообещала создать&nbsp;</span><a target=\"_blank\" href=\"https://smotrim.ru/vesti/hi-tech\" style=\"color: rgb(64, 60, 249); background: rgba(64, 60, 249, 0.1); font-family: &quot;RF Devi Regular&quot;, sans-serif; font-size: 18px;\">Apple</a><span style=\"color: rgb(0, 0, 0); font-family: &quot;RF Devi Regular&quot;, sans-serif; font-size: 18px;\">&nbsp;и даже анонсировала его выпуск на одной из презентаций.&nbsp;</span></p><p><span style=\"color: rgb(0, 0, 0); font-family: &quot;RF Devi Regular&quot;, sans-serif; font-size: 18px;\">Каждый из размещенных на поверхности Tesla Wireless Charging Platform гаджетов может получать до 15 ватт энергии. В Tesla говорят, что угловатый дизайн зарядного устройства был вдохновлен рублеными линиями корпуса модели Cybertruck. Стоит новинка 300 долларов.</span><span style=\"color: rgb(0, 0, 0); font-family: &quot;RF Devi Regular&quot;, sans-serif; font-size: 18px;\"><br></span><span style=\"color: rgb(0, 0, 0); font-family: &quot;RF Devi Regular&quot;, sans-serif; font-size: 18px;\"><br></span><br></p>",
    "author": 1,
    "created": "2022-12-23T09:05:58.952Z",
    "updated": "2022-12-23T09:09:59.482Z",
    "status": 1,
    "image": "articles/0.jpg"
  }
},
{
  "model": "blog.article",
  "pk": 3,
  "fields": {
    "category": 4,
    "title": "\"Ванкувер\" переиграл \"Сиэтл\" в серии буллитов.",
    "slug": "ванкувер-переиграл-сиэтл-в-серии-буллитов",
    "content": "Игровой день в регулярном чемпионате Национальной хоккейной лиги завершился тремя матчами. Игровое время завершилось вничью 5:5. \"Лос-Анджелес Кингз\" в дополнительное время взял верх над \"Калгари Флеймз\" 4:3, а \"Сан-Хосе Шаркс\" победил \"Миннесоту Уайлд\" 5:2.\r\n\r\n\"Ванкувер\" по ходу матча уступал \"Сиэтлу\" 0:1, 1:3 и 3:5, но смог уйти от поражения в основное время 5:5. Нападающий \"Кэнакс\" Андрей Кузьменко сначала отдал две голевые передачи, а затем отличился сам. Главным героем стал партнер Кузьменко Элвис Петтерсон, забросивший 3 шайбы и отдавший 2 результативных паса. Послематчевый буллит Кузьменко не реализовал, что не помешало \"Ванкуверу\" выиграть 2:1.",
    "author": 1,
    "created": "2022-12-23T09:08:42.850Z",
    "updated": "2022-12-23T09:32:43.520Z",
    "status": 1,
    "image": "articles/8.jpg"
  }
},
{
  "model": "blog.article",
  "pk": 4,
  "fields": {
    "category": 3,
    "title": "Австралия выбрала свою первую женщину-астронавта",
    "slug": "австралия-выбрала-свою-первую-женщину-астронавта",
    "content": "CC BY 2.0 / Sebastiaan ter Burg / Доктор наук Меганн Крисчен МОСКВА, 25 ноя - РИА Новости. Спустя месяцы тщательного отбора доктор наук Меганн Крисчен стала первой женщиной-астронавтом Австралии, заявил глава Австралийского космического агентства Энрико Палермо. Палермо рассказал порталу Sky News Australia, что выбор Крисчен в качестве первой женщины-космонавта — \"замечательный результат\", который показывает, что \"все возможно\". \"У Меганн будет контракт с Европейским космическим агентством , где она будет проходить обучение и медицинские осмотры. Она войдет в список \"призывников\" для...",
    "author": 1,
    "created": "2022-12-23T09:12:56.751Z",
    "updated": "2022-12-23T09:30:45.329Z",
    "status": 1,
    "image": "articles/21.jpg"
  }
},
{
  "model": "blog.article",
  "pk": 5,
  "fields": {
    "category": 6,
    "title": "В Австралии объявили о \"серьезной чрезвычайной ситуации\" из-за наводнений",
    "slug": "в-австралии-объявили-о-серьезной-чрезвычайной-ситуации-из-за-наводнений",
    "content": "Губернатор Южной Австралии объявил о \"серьезной чрезвычайной ситуации\" из-за наводнений, которые могут затопить крупнейшие виноградники региона, сообщает австралийское агентство&nbsp;На прошлой неделе масштабное наводнение произошло в Австралии в Новом Южном Уэльсе и вдоль рек штата Виктория.<p></p><p>В понедельник губернатор Южной Австралии Питер Малинаускас официально объявил наводнения \"серьезной чрезвычайной ситуацией\", поскольку паводковые воды в реках достигли опасного уровня.</p><p>Оценить окончательный ущерб от стихийного бедствия пока невозможно, однако ряд виноградников, например, All Saints Estate и Pfeiffer Wines, уже были затоплены водой из водосборных бассейнов.</p><p>\"У нас нет доступа к нашим виноградникам уже две недели. Я готовлюсь к сценарию, при котором мы не соберем ни одного урожая от виноградников в этом сезоне\", - сказала винодел Джен Пфайффер AAP.</p>Власти Австралии предупреждают, что могут пройти месяцы, прежде чем наводнения прекратятся.<p></p>",
    "author": 1,
    "created": "2022-12-23T09:32:35.001Z",
    "updated": "2023-01-27T14:55:28.561Z",
    "status": 1,
    "image": "articles/австралия.png"
  }
},
{
  "model": "blog.comment",
  "pk": 1,
  "fields": {
    "author": "test@test.com",
    "user": 1,
    "content": "1",
    "article": 2,
    "created": "2022-12-23T09:40:54.673Z",
    "updated": "2022-12-23T09:40:54.673Z",
    "parent": null
  }
},
{
  "model": "blog.comment",
  "pk": 2,
  "fields": {
    "author": "test@test.com",
    "user": 1,
    "content": "2",
    "article": 2,
    "created": "2022-12-23T09:40:58.503Z",
    "updated": "2022-12-23T09:40:58.503Z",
    "parent": null
  }
},
{
  "model": "blog.comment",
  "pk": 3,
  "fields": {
    "author": "test@test.com",
    "user": 1,
    "content": "3",
    "article": 2,
    "created": "2022-12-23T09:41:02.113Z",
    "updated": "2022-12-23T09:41:02.113Z",
    "parent": null
  }
},
{
  "model": "blog.comment",
  "pk": 4,
  "fields": {
    "author": "test@test.com",
    "user": 1,
    "content": "4",
    "article": 2,
    "created": "2022-12-23T09:41:05.815Z",
    "updated": "2022-12-23T09:41:05.815Z",
    "parent": null
  }
},
{
  "model": "blog.comment",
  "pk": 5,
  "fields": {
    "author": "test@test.com",
    "user": 1,
    "content": "5",
    "article": 2,
    "created": "2022-12-23T09:41:09.712Z",
    "updated": "2022-12-23T09:41:09.713Z",
    "parent": null
  }
},
{
  "model": "blog.comment",
  "pk": 6,
  "fields": {
    "author": "test@test.com",
    "user": 1,
    "content": "6",
    "article": 2,
    "created": "2022-12-23T09:41:19.651Z",
    "updated": "2022-12-23T09:41:19.651Z",
    "parent": null
  }
},
{
  "model": "blog.comment",
  "pk": 7,
  "fields": {
    "author": "test@test.com",
    "user": 1,
    "content": "7",
    "article": 2,
    "created": "2022-12-23T09:41:33.372Z",
    "updated": "2022-12-23T09:41:33.372Z",
    "parent": null
  }
},
{
  "model": "blog.comment",
  "pk": 8,
  "fields": {
    "author": "test3@test.com",
    "user": 4,
    "content": "1",
    "article": 1,
    "created": "2022-12-25T14:38:46.822Z",
    "updated": "2022-12-25T14:38:46.822Z",
    "parent": null
  }
},
{
  "model": "blog.comment",
  "pk": 9,
  "fields": {
    "author": "test3@test.com",
    "user": 4,
    "content": "2",
    "article": 1,
    "created": "2022-12-25T14:38:49.810Z",
    "updated": "2022-12-25T14:38:49.810Z",
    "parent": null
  }
},
{
  "model": "blog.comment",
  "pk": 10,
  "fields": {
    "author": "test3@test.com",
    "user": 4,
    "content": "3",
    "article": 1,
    "created": "2022-12-25T14:38:51.720Z",
    "updated": "2022-12-25T14:38:51.720Z",
    "parent": null
  }
},
{
  "model": "blog.comment",
  "pk": 11,
  "fields": {
    "author": "test3@test.com",
    "user": 4,
    "content": "4",
    "article": 1,
    "created": "2022-12-25T14:38:54.790Z",
    "updated": "2022-12-25T14:38:54.790Z",
    "parent": null
  }
},
{
  "model": "blog.comment",
  "pk": 12,
  "fields": {
    "author": "test3@test.com",
    "user": 4,
    "content": "5",
    "article": 1,
    "created": "2022-12-25T14:38:56.841Z",
    "updated": "2022-12-25T14:38:56.841Z",
    "parent": null
  }
},
{
  "model": "blog.comment",
  "pk": 13,
  "fields": {
    "author": "test3@test.com",
    "user": 4,
    "content": "6",
    "article": 1,
    "created": "2022-12-25T14:38:58.619Z",
    "updated": "2022-12-25T14:38:58.619Z",
    "parent": null
  }
},
{
  "model": "blog.comment",
  "pk": 14,
  "fields": {
    "author": "test3@test.com",
    "user": 4,
    "content": "7",
    "article": 1,
    "created": "2022-12-25T14:39:02.781Z",
    "updated": "2022-12-25T14:39:02.781Z",
    "parent": null
  }
},
{
  "model": "blog.comment",
  "pk": 15,
  "fields": {
    "author": "AnonymousUser@mail.ru",
    "user": null,
    "content": "1",
    "article": 5,
    "created": "2022-12-25T15:22:43.552Z",
    "updated": "2022-12-25T15:22:43.552Z",
    "parent": null
  }
},
{
  "model": "blog.comment",
  "pk": 16,
  "fields": {
    "author": "AnonymousUser@mail.ru",
    "user": null,
    "content": "2",
    "article": 5,
    "created": "2022-12-25T16:27:45.091Z",
    "updated": "2022-12-25T16:27:45.091Z",
    "parent": null
  }
},
{
  "model": "blog.comment",
  "pk": 19,
  "fields": {
    "author": "AnonymousUser@mail.ru",
    "user": null,
    "content": "Anonimus, hello",
    "article": 5,
    "created": "2022-12-25T17:00:22.658Z",
    "updated": "2022-12-25T17:00:22.658Z",
    "parent": 15
  }
},
{
  "model": "blog.comment",
  "pk": 20,
  "fields": {
    "author": "test@test.com",
    "user": 1,
    "content": "33",
    "article": 5,
    "created": "2022-12-25T17:22:37.238Z",
    "updated": "2022-12-25T17:22:37.238Z",
    "parent": null
  }
},
{
  "model": "blog.comment",
  "pk": 21,
  "fields": {
    "author": "test@test.com",
    "user": 1,
    "content": "555566666",
    "article": 5,
    "created": "2022-12-27T17:03:01.993Z",
    "updated": "2022-12-27T17:03:01.993Z",
    "parent": null
  }
},
{
  "model": "blog.comment",
  "pk": 22,
  "fields": {
    "author": "test2@test.com",
    "user": 3,
    "content": "555555555",
    "article": 5,
    "created": "2022-12-29T08:20:56.695Z",
    "updated": "2022-12-29T08:20:56.695Z",
    "parent": null
  }
},
{
  "model": "blog.comment",
  "pk": 23,
  "fields": {
    "author": "test2@test.com",
    "user": 3,
    "content": "Iron Man, I agree with you",
    "article": 5,
    "created": "2022-12-29T08:36:45.543Z",
    "updated": "2022-12-29T08:36:45.543Z",
    "parent": null
  }
},
{
  "model": "blog.comment",
  "pk": 24,
  "fields": {
    "author": "test@test.com",
    "user": 1,
    "content": "Super Admin, hello",
    "article": 5,
    "created": "2022-12-29T09:56:47.718Z",
    "updated": "2022-12-29T09:56:47.718Z",
    "parent": 21
  }
},
{
  "model": "blog.comment",
  "pk": 25,
  "fields": {
    "author": "test@test.com",
    "user": 1,
    "content": "Super Admin, yes",
    "article": 5,
    "created": "2022-12-29T09:58:41.109Z",
    "updated": "2022-12-29T09:58:41.109Z",
    "parent": 24
  }
},
{
  "model": "blog.comment",
  "pk": 26,
  "fields": {
    "author": "test@test.com",
    "user": 1,
    "content": "Super Admin, I see you",
    "article": 5,
    "created": "2022-12-29T10:08:30.280Z",
    "updated": "2022-12-29T10:08:30.280Z",
    "parent": 25
  }
},
{
  "model": "blog.comment",
  "pk": 27,
  "fields": {
    "author": "test@test.com",
    "user": 1,
    "content": "Super Admin, 555555",
    "article": 5,
    "created": "2022-12-29T10:12:23.438Z",
    "updated": "2022-12-29T10:12:23.438Z",
    "parent": 25
  }
},
{
  "model": "blog.comment",
  "pk": 28,
  "fields": {
    "author": "test@test.com",
    "user": 1,
    "content": "777777-555",
    "article": 5,
    "created": "2022-12-29T10:12:37.598Z",
    "updated": "2022-12-29T10:12:37.598Z",
    "parent": null
  }
},
{
  "model": "blog.comment",
  "pk": 29,
  "fields": {
    "author": "test3@test.com",
    "user": 4,
    "content": "Всем привет",
    "article": 5,
    "created": "2023-01-08T14:32:58.950Z",
    "updated": "2023-01-08T14:32:58.950Z",
    "parent": null
  }
},
{
  "model": "blog.comment",
  "pk": 30,
  "fields": {
    "author": "test3@test.com",
    "user": 4,
    "content": "Spider Man, наконец-то ты пришел",
    "article": 5,
    "created": "2023-01-08T14:54:18.649Z",
    "updated": "2023-01-08T14:54:18.649Z",
    "parent": 29
  }
},
{
  "model": "blog.comment",
  "pk": 31,
  "fields": {
    "author": "AnonymousUser@mail.ru",
    "user": null,
    "content": "Spider Man, спаси нас",
    "article": 5,
    "created": "2023-01-08T14:56:05.883Z",
    "updated": "2023-01-08T14:56:05.883Z",
    "parent": 29
  }
},
{
  "model": "blog.comment",
  "pk": 32,
  "fields": {
    "author": "AnonymousUser@mail.ru",
    "user": null,
    "content": "Super Admin, привет",
    "article": 5,
    "created": "2023-01-09T05:00:18.113Z",
    "updated": "2023-01-09T05:00:18.113Z",
    "parent": 28
  }
},
{
  "model": "blog.comment",
  "pk": 33,
  "fields": {
    "author": "AnonymousUser@mail.ru",
    "user": null,
    "content": "Spider Man, hello",
    "article": 1,
    "created": "2023-01-10T17:17:08.644Z",
    "updated": "2023-01-10T17:17:08.644Z",
    "parent": 14
  }
},
{
  "model": "blog.comment",
  "pk": 34,
  "fields": {
    "author": "AnonymousUser@mail.ru",
    "user": null,
    "content": "Here!",
    "article": 1,
    "created": "2023-01-10T17:18:12.506Z",
    "updated": "2023-01-10T17:18:12.506Z",
    "parent": null
  }
},
{
  "model": "blog.comment",
  "pk": 35,
  "fields": {
    "author": "test3@test.com",
    "user": 4,
    "content": "Super Admin, 7777",
    "article": 5,
    "created": "2023-01-11T13:05:10.393Z",
    "updated": "2023-01-11T13:05:10.393Z",
    "parent": 28
  }
},
{
  "model": "blog.comment",
  "pk": 36,
  "fields": {
    "author": "test3@test.com",
    "user": 4,
    "content": "Anonymous, 2 + 2 = 4",
    "article": 5,
    "created": "2023-01-12T09:06:25.551Z",
    "updated": "2023-01-12T09:06:25.551Z",
    "parent": 16
  }
},
{
  "model": "blog.comment",
  "pk": 37,
  "fields": {
    "author": "test@test.com",
    "user": 1,
    "content": "Spider Man, hello",
    "article": 1,
    "created": "2023-01-15T13:19:10.828Z",
    "updated": "2023-01-15T13:19:10.828Z",
    "parent": 12
  }
},
{
  "model": "blog.comment",
  "pk": 38,
  "fields": {
    "author": "test1@test.com",
    "user": 2,
    "content": "Spider Man, hi",
    "article": 5,
    "created": "2023-01-16T06:25:39.610Z",
    "updated": "2023-01-16T06:25:39.610Z",
    "parent": 29
  }
},
{
  "model": "blog.comment",
  "pk": 39,
  "fields": {
    "author": "test@test.com",
    "user": 1,
    "content": "Anonymous, 1 + 1 = 2",
    "article": 5,
    "created": "2023-01-16T08:53:01.959Z",
    "updated": "2023-01-16T08:53:01.959Z",
    "parent": 15
  }
},
{
  "model": "blog.comment",
  "pk": 40,
  "fields": {
    "author": "test@test.com",
    "user": 1,
    "content": "Iron Man, it is true",
    "article": 5,
    "created": "2023-01-25T20:16:31.773Z",
    "updated": "2023-01-25T20:16:31.773Z",
    "parent": 23
  }
},
{
  "model": "blog.comment",
  "pk": 41,
  "fields": {
    "author": "test@test.com",
    "user": 1,
    "content": "Super Admin, здесь только мы с тобой",
    "article": 2,
    "created": "2023-01-26T09:06:45.581Z",
    "updated": "2023-01-26T09:06:45.581Z",
    "parent": 7
  }
},
{
  "model": "blog.comment",
  "pk": 42,
  "fields": {
    "author": "test@test.com",
    "user": 1,
    "content": "first comment",
    "article": 4,
    "created": "2023-01-26T09:07:41.878Z",
    "updated": "2023-01-26T09:07:41.878Z",
    "parent": null
  }
},
{
  "model": "blog.comment",
  "pk": 43,
  "fields": {
    "author": "AnonymousUser@mail.ru",
    "user": null,
    "content": "хоть коммент можно оставить",
    "article": 3,
    "created": "2023-01-26T09:09:12.438Z",
    "updated": "2023-01-26T09:09:12.438Z",
    "parent": null
  }
},
{
  "model": "blog.comment",
  "pk": 44,
  "fields": {
    "author": "test@test.com",
    "user": 1,
    "content": "All dwarfs are bastards in the eyes of their father",
    "article": 1,
    "created": "2023-01-26T09:14:00.895Z",
    "updated": "2023-01-26T09:14:00.895Z",
    "parent": null
  }
},
{
  "model": "action.likedislike",
  "pk": 1,
  "fields": {
    "vote": 1,
    "user": 4,
    "created": "2023-01-12T16:20:16.982Z",
    "content_type": 11,
    "object_id": 1
  }
},
{
  "model": "action.likedislike",
  "pk": 2,
  "fields": {
    "vote": 1,
    "user": 3,
    "created": "2023-01-12T16:21:58.249Z",
    "content_type": 11,
    "object_id": 5
  }
},
{
  "model": "action.likedislike",
  "pk": 314,
  "fields": {
    "vote": 1,
    "user": 2,
    "created": "2023-01-16T06:24:30.192Z",
    "content_type": 11,
    "object_id": 5
  }
},
{
  "model": "action.likedislike",
  "pk": 315,
  "fields": {
    "vote": 1,
    "user": 2,
    "created": "2023-01-16T06:24:54.710Z",
    "content_type": 13,
    "object_id": 29
  }
},
{
  "model": "action.likedislike",
  "pk": 316,
  "fields": {
    "vote": 1,
    "user": 2,
    "created": "2023-01-16T06:24:55.917Z",
    "content_type": 13,
    "object_id": 31
  }
},
{
  "model": "action.likedislike",
  "pk": 317,
  "fields": {
    "vote": 1,
    "user": 2,
    "created": "2023-01-16T06:24:56.962Z",
    "content_type": 13,
    "object_id": 28
  }
},
{
  "model": "action.likedislike",
  "pk": 318,
  "fields": {
    "vote": 1,
    "user": 2,
    "created": "2023-01-16T06:25:00.185Z",
    "content_type": 13,
    "object_id": 23
  }
},
{
  "model": "action.likedislike",
  "pk": 319,
  "fields": {
    "vote": 1,
    "user": 2,
    "created": "2023-01-16T06:25:01.982Z",
    "content_type": 13,
    "object_id": 21
  }
},
{
  "model": "action.likedislike",
  "pk": 320,
  "fields": {
    "vote": 1,
    "user": 2,
    "created": "2023-01-16T06:25:02.966Z",
    "content_type": 13,
    "object_id": 24
  }
},
{
  "model": "action.likedislike",
  "pk": 321,
  "fields": {
    "vote": 1,
    "user": 3,
    "created": "2023-01-16T06:26:20.857Z",
    "content_type": 13,
    "object_id": 29
  }
},
{
  "model": "action.likedislike",
  "pk": 322,
  "fields": {
    "vote": 1,
    "user": 3,
    "created": "2023-01-16T06:26:22.273Z",
    "content_type": 13,
    "object_id": 30
  }
},
{
  "model": "action.likedislike",
  "pk": 323,
  "fields": {
    "vote": 1,
    "user": 3,
    "created": "2023-01-16T06:26:23.269Z",
    "content_type": 13,
    "object_id": 38
  }
},
{
  "model": "action.likedislike",
  "pk": 324,
  "fields": {
    "vote": 1,
    "user": 3,
    "created": "2023-01-16T06:26:25.562Z",
    "content_type": 13,
    "object_id": 32
  }
},
{
  "model": "action.likedislike",
  "pk": 325,
  "fields": {
    "vote": 1,
    "user": 3,
    "created": "2023-01-16T06:26:28.494Z",
    "content_type": 13,
    "object_id": 23
  }
},
{
  "model": "action.likedislike",
  "pk": 326,
  "fields": {
    "vote": 1,
    "user": 3,
    "created": "2023-01-16T06:26:30.356Z",
    "content_type": 13,
    "object_id": 22
  }
},
{
  "model": "action.likedislike",
  "pk": 327,
  "fields": {
    "vote": 1,
    "user": 3,
    "created": "2023-01-16T06:26:31.454Z",
    "content_type": 13,
    "object_id": 21
  }
},
{
  "model": "action.likedislike",
  "pk": 328,
  "fields": {
    "vote": 1,
    "user": 4,
    "created": "2023-01-16T06:27:01.539Z",
    "content_type": 11,
    "object_id": 5
  }
},
{
  "model": "action.likedislike",
  "pk": 329,
  "fields": {
    "vote": 1,
    "user": 4,
    "created": "2023-01-16T06:27:08.780Z",
    "content_type": 13,
    "object_id": 29
  }
},
{
  "model": "action.likedislike",
  "pk": 330,
  "fields": {
    "vote": 1,
    "user": 4,
    "created": "2023-01-16T06:27:10.828Z",
    "content_type": 13,
    "object_id": 31
  }
},
{
  "model": "action.likedislike",
  "pk": 331,
  "fields": {
    "vote": 1,
    "user": 4,
    "created": "2023-01-16T06:27:13.835Z",
    "content_type": 13,
    "object_id": 38
  }
},
{
  "model": "action.likedislike",
  "pk": 332,
  "fields": {
    "vote": 1,
    "user": 4,
    "created": "2023-01-16T06:27:14.815Z",
    "content_type": 13,
    "object_id": 32
  }
},
{
  "model": "action.likedislike",
  "pk": 333,
  "fields": {
    "vote": 1,
    "user": 4,
    "created": "2023-01-16T06:27:19.766Z",
    "content_type": 13,
    "object_id": 35
  }
},
{
  "model": "action.likedislike",
  "pk": 334,
  "fields": {
    "vote": 1,
    "user": 4,
    "created": "2023-01-16T06:27:21.869Z",
    "content_type": 13,
    "object_id": 22
  }
},
{
  "model": "action.likedislike",
  "pk": 335,
  "fields": {
    "vote": 1,
    "user": 4,
    "created": "2023-01-16T06:27:23.851Z",
    "content_type": 13,
    "object_id": 24
  }
},
{
  "model": "action.likedislike",
  "pk": 339,
  "fields": {
    "vote": 1,
    "user": 1,
    "created": "2023-01-16T08:52:16.146Z",
    "content_type": 13,
    "object_id": 20
  }
},
{
  "model": "action.likedislike",
  "pk": 340,
  "fields": {
    "vote": 1,
    "user": 1,
    "created": "2023-01-16T08:52:17.447Z",
    "content_type": 13,
    "object_id": 36
  }
},
{
  "model": "action.likedislike",
  "pk": 341,
  "fields": {
    "vote": 1,
    "user": 1,
    "created": "2023-01-16T08:52:19.259Z",
    "content_type": 13,
    "object_id": 15
  }
},
{
  "model": "action.likedislike",
  "pk": 342,
  "fields": {
    "vote": 1,
    "user": 1,
    "created": "2023-01-16T08:52:20.294Z",
    "content_type": 13,
    "object_id": 19
  }
},
{
  "model": "action.likedislike",
  "pk": 374,
  "fields": {
    "vote": 1,
    "user": 1,
    "created": "2023-01-16T10:54:55.850Z",
    "content_type": 13,
    "object_id": 22
  }
},
{
  "model": "action.likedislike",
  "pk": 568,
  "fields": {
    "vote": -1,
    "user": 1,
    "created": "2023-01-25T20:14:08.238Z",
    "content_type": 13,
    "object_id": 38
  }
},
{
  "model": "action.likedislike",
  "pk": 569,
  "fields": {
    "vote": -1,
    "user": 1,
    "created": "2023-01-25T20:14:24.802Z",
    "content_type": 13,
    "object_id": 28
  }
},
{
  "model": "action.likedislike",
  "pk": 572,
  "fields": {
    "vote": 1,
    "user": 1,
    "created": "2023-01-25T20:14:52.462Z",
    "content_type": 13,
    "object_id": 24
  }
},
{
  "model": "action.likedislike",
  "pk": 582,
  "fields": {
    "vote": 1,
    "user": 1,
    "created": "2023-01-26T06:41:54.420Z",
    "content_type": 13,
    "object_id": 29
  }
},
{
  "model": "action.likedislike",
  "pk": 583,
  "fields": {
    "vote": 1,
    "user": 1,
    "created": "2023-01-26T06:44:01.820Z",
    "content_type": 13,
    "object_id": 23
  }
},
{
  "model": "action.likedislike",
  "pk": 584,
  "fields": {
    "vote": 1,
    "user": 1,
    "created": "2023-01-26T06:44:02.850Z",
    "content_type": 13,
    "object_id": 40
  }
},
{
  "model": "action.likedislike",
  "pk": 593,
  "fields": {
    "vote": 1,
    "user": 1,
    "created": "2023-01-26T08:09:15.639Z",
    "content_type": 13,
    "object_id": 32
  }
},
{
  "model": "action.likedislike",
  "pk": 596,
  "fields": {
    "vote": -1,
    "user": 1,
    "created": "2023-01-26T09:02:38.000Z",
    "content_type": 13,
    "object_id": 30
  }
},
{
  "model": "action.likedislike",
  "pk": 606,
  "fields": {
    "vote": 1,
    "user": 1,
    "created": "2023-01-26T09:05:54.817Z",
    "content_type": 11,
    "object_id": 2
  }
},
{
  "model": "action.likedislike",
  "pk": 607,
  "fields": {
    "vote": 1,
    "user": 1,
    "created": "2023-01-26T09:06:08.109Z",
    "content_type": 13,
    "object_id": 6
  }
},
{
  "model": "action.likedislike",
  "pk": 608,
  "fields": {
    "vote": 1,
    "user": 1,
    "created": "2023-01-26T09:06:09.527Z",
    "content_type": 13,
    "object_id": 4
  }
},
{
  "model": "action.likedislike",
  "pk": 609,
  "fields": {
    "vote": 1,
    "user": 1,
    "created": "2023-01-26T09:06:11.208Z",
    "content_type": 13,
    "object_id": 7
  }
},
{
  "model": "action.likedislike",
  "pk": 610,
  "fields": {
    "vote": 1,
    "user": 1,
    "created": "2023-01-26T09:07:18.657Z",
    "content_type": 11,
    "object_id": 4
  }
},
{
  "model": "action.likedislike",
  "pk": 611,
  "fields": {
    "vote": 1,
    "user": 1,
    "created": "2023-01-26T09:08:02.967Z",
    "content_type": 11,
    "object_id": 3
  }
},
{
  "model": "action.likedislike",
  "pk": 617,
  "fields": {
    "vote": -1,
    "user": 1,
    "created": "2023-02-02T11:43:25.616Z",
    "content_type": 11,
    "object_id": 5
  }
},
{
  "model": "action.likedislike",
  "pk": 618,
  "fields": {
    "vote": -1,
    "user": 1,
    "created": "2023-02-02T11:43:39.605Z",
    "content_type": 13,
    "object_id": 31
  }
},
{
  "model": "action.likedislike",
  "pk": 619,
  "fields": {
    "vote": 1,
    "user": 1,
    "created": "2023-02-02T17:34:48.594Z",
    "content_type": 13,
    "object_id": 14
  }
},
{
  "model": "action.likedislike",
  "pk": 620,
  "fields": {
    "vote": 1,
    "user": 1,
    "created": "2023-02-02T17:34:50.437Z",
    "content_type": 13,
    "object_id": 33
  }
},
{
  "model": "action.likedislike",
  "pk": 621,
  "fields": {
    "vote": 1,
    "user": 1,
    "created": "2023-02-02T17:34:56.164Z",
    "content_type": 13,
    "object_id": 12
  }
},
{
  "model": "action.likedislike",
  "pk": 622,
  "fields": {
    "vote": -1,
    "user": 2,
    "created": "2023-02-02T17:35:43.933Z",
    "content_type": 11,
    "object_id": 1
  }
},
{
  "model": "action.likedislike",
  "pk": 623,
  "fields": {
    "vote": 1,
    "user": 2,
    "created": "2023-02-02T17:35:47.854Z",
    "content_type": 13,
    "object_id": 44
  }
},
{
  "model": "action.likedislike",
  "pk": 624,
  "fields": {
    "vote": 1,
    "user": 2,
    "created": "2023-02-02T17:35:49.264Z",
    "content_type": 13,
    "object_id": 14
  }
},
{
  "model": "action.likedislike",
  "pk": 625,
  "fields": {
    "vote": 1,
    "user": 2,
    "created": "2023-02-02T17:35:50.964Z",
    "content_type": 13,
    "object_id": 13
  }
},
{
  "model": "action.likedislike",
  "pk": 626,
  "fields": {
    "vote": 1,
    "user": 2,
    "created": "2023-02-02T17:35:53.473Z",
    "content_type": 13,
    "object_id": 12
  }
},
{
  "model": "action.follower",
  "pk": 90,
  "fields": {
    "follower": 4,
    "content_maker": 1,
    "created": "2023-01-29T17:28:57.642Z"
  }
},
{
  "model": "action.follower",
  "pk": 91,
  "fields": {
    "follower": 4,
    "content_maker": 2,
    "created": "2023-01-29T17:29:01.816Z"
  }
},
{
  "model": "action.follower",
  "pk": 93,
  "fields": {
    "follower": 3,
    "content_maker": 4,
    "created": "2023-01-29T17:59:40.570Z"
  }
},
{
  "model": "action.follower",
  "pk": 95,
  "fields": {
    "follower": 2,
    "content_maker": 1,
    "created": "2023-01-30T15:24:38.332Z"
  }
},
{
  "model": "action.follower",
  "pk": 165,
  "fields": {
    "follower": 1,
    "content_maker": 3,
    "created": "2023-02-03T15:43:49.715Z"
  }
}
]
